day,month,duration,campaign,y,customer_id,sign_up_probability,layer2_sign_up_probability,age,education,default,balance,housing,loan,probability_bin,job,contact,marital
16,jul,1056,2,no,14965,0.8562891748363002,1.0,31,secondary,no,0,yes,no,0.8-0.9,blue-collar,telephone,single
13,feb,123,1,no,31067,0.770752512531217,0.9975,27,tertiary,no,4991,yes,no,0.7-0.8,blue-collar,telephone,single
2,feb,550,1,no,28971,0.9240038986233887,0.991979797979798,39,secondary,no,7,yes,no,0.9-1.0,blue-collar,telephone,married
10,mar,97,1,no,31289,0.8789662378431253,0.985,28,secondary,no,6551,no,no,0.8-0.9,technician,telephone,single
8,may,851,1,no,35728,0.7314407249445594,0.9833333333333333,40,secondary,no,526,yes,no,0.7-0.8,blue-collar,telephone,married
13,aug,900,2,no,20758,0.6956415920597463,0.9831111111111112,56,unknown,no,681,no,no,0.6-0.7,blue-collar,telephone,married
18,jul,788,6,no,15481,0.8169681168542356,0.9731666666666667,26,secondary,no,0,yes,no,0.8-0.9,blue-collar,telephone,married
9,jul,530,2,no,13639,0.735355669040905,0.9681666666666665,32,tertiary,no,57,no,no,0.7-0.8,blue-collar,telephone,married
20,apr,196,2,no,33068,0.9015773387517751,0.9639642857142857,38,primary,no,3913,yes,no,0.9-1.0,blue-collar,telephone,married
15,may,895,5,no,38590,0.7176703622697665,0.9591666666666667,54,secondary,no,-394,yes,no,0.7-0.8,blue-collar,telephone,married
26,may,500,2,no,39562,0.8992753384310617,0.9581190476190475,37,secondary,no,11303,no,no,0.8-0.9,blue-collar,telephone,married
21,nov,744,2,no,27189,0.9819645596064308,0.9542261904761904,39,secondary,no,458,no,no,0.9-1.0,blue-collar,telephone,married
9,apr,304,1,no,31889,0.9348519561448032,0.9538333333333334,59,secondary,no,817,no,no,0.9-1.0,blue-collar,telephone,married
1,jun,111,1,no,39815,0.9939952579401514,0.940618776285443,46,secondary,no,2087,no,no,0.9-1.0,blue-collar,telephone,married
21,aug,575,4,no,22202,0.6886995837216517,0.9383333333333332,33,tertiary,no,433,no,no,0.6-0.7,management,telephone,married
20,apr,334,1,no,33361,0.8574043661873116,0.938,44,secondary,no,-865,yes,no,0.8-0.9,technician,telephone,married
16,feb,223,7,no,31089,0.7311456584000422,0.9354047619047617,82,tertiary,no,278,no,no,0.7-0.8,retired,telephone,married
20,apr,328,2,no,33376,0.7785290295181672,0.9266666666666667,37,tertiary,no,43,yes,no,0.7-0.8,blue-collar,telephone,married
9,feb,284,2,no,30816,0.9783875024353272,0.926477272727273,31,secondary,no,476,no,no,0.9-1.0,blue-collar,telephone,single
26,may,135,1,no,39601,0.9350588201151431,0.9177777777777778,28,tertiary,no,336,no,no,0.9-1.0,blue-collar,telephone,single
8,aug,521,4,no,19915,0.9303147858688002,0.9157619047619048,57,secondary,no,3242,no,no,0.9-1.0,blue-collar,telephone,married
5,feb,519,1,no,30197,0.9927437345630036,0.9055238095238096,50,secondary,no,381,no,no,0.9-1.0,blue-collar,telephone,married
14,aug,605,2,no,21038,0.7463775411373949,0.9052261904761905,41,secondary,no,388,no,no,0.7-0.8,blue-collar,telephone,married
7,aug,420,3,no,19461,0.8760947424423026,0.9033088023088027,37,tertiary,no,2505,no,no,0.8-0.9,blue-collar,telephone,single
26,may,145,1,no,39581,0.7052475240887334,0.9026666666666666,54,tertiary,no,6507,no,no,0.7-0.8,technician,telephone,married
5,feb,693,2,no,30486,0.709099898965659,0.8987142857142858,30,tertiary,no,285,no,no,0.7-0.8,blue-collar,telephone,married
19,nov,800,6,no,26134,0.984974451695078,0.8974047619047618,53,secondary,no,2924,no,no,0.9-1.0,blue-collar,telephone,married
20,apr,207,2,no,33228,0.6946816173022957,0.8957396214896214,37,secondary,no,756,yes,no,0.6-0.7,blue-collar,telephone,married
7,may,455,1,no,35223,0.7662764638603353,0.894238095238095,30,secondary,no,222,yes,no,0.7-0.8,blue-collar,telephone,single
3,feb,151,1,no,29497,0.9169934714935293,0.8898095238095238,34,secondary,no,-75,no,no,0.9-1.0,blue-collar,telephone,married
2,mar,149,1,no,31207,0.8512581344064256,0.8873333333333333,36,tertiary,no,1381,no,no,0.8-0.9,technician,telephone,married
14,may,551,2,no,37894,0.8356037098394897,0.8785476190476189,34,secondary,no,384,yes,no,0.8-0.9,blue-collar,telephone,married
20,apr,271,1,no,33295,0.7669372021722579,0.8777609126984126,26,primary,no,52,yes,no,0.7-0.8,blue-collar,telephone,single
3,feb,248,2,no,29551,0.9502932364005665,0.8772142857142857,36,secondary,no,587,no,no,0.9-1.0,blue-collar,telephone,married
22,jul,464,5,no,16183,0.7059104203411153,0.8754285714285714,61,secondary,no,479,no,no,0.7-0.8,retired,telephone,married
26,may,362,1,no,39640,0.8789662378431253,0.8743333333333334,28,secondary,no,6551,no,no,0.8-0.9,technician,telephone,single
5,feb,229,1,no,30225,0.8403626056346459,0.8732500000000001,72,primary,no,9160,no,no,0.8-0.9,retired,telephone,married
5,feb,248,4,no,30336,0.7943416045668679,0.8729761904761907,27,secondary,no,424,no,no,0.7-0.8,blue-collar,telephone,single
2,jun,509,2,no,8302,0.7104549508809823,0.871439393939394,37,secondary,no,673,yes,no,0.7-0.8,blue-collar,unknown,married
7,may,429,1,no,35235,0.9409447620088544,0.8699604562104563,38,secondary,no,673,yes,no,0.9-1.0,blue-collar,telephone,married
4,may,227,2,no,34270,0.8909268794344135,0.8682103174603175,57,primary,no,606,no,no,0.8-0.9,retired,telephone,married
14,jul,425,3,no,14422,0.8483409234735321,0.8600952380952382,33,secondary,no,-110,no,no,0.8-0.9,blue-collar,telephone,single
4,feb,264,1,no,29745,0.8465065849625268,0.8538492063492065,40,tertiary,no,1082,no,no,0.8-0.9,technician,telephone,married
3,feb,561,1,no,29506,0.8690381145426528,0.8485641025641028,40,secondary,no,0,yes,no,0.8-0.9,blue-collar,telephone,married
9,apr,259,2,no,31893,0.6846759151324399,0.8387748917748918,35,secondary,no,159,yes,no,0.6-0.7,blue-collar,telephone,married
6,feb,270,5,no,30805,0.9755425105566333,0.832880952380952,31,secondary,no,1201,no,no,0.9-1.0,blue-collar,telephone,single
18,nov,466,1,no,24854,0.9942037807494866,0.8323730158730157,46,secondary,no,7378,no,no,0.9-1.0,blue-collar,telephone,married
25,jul,481,3,no,17129,0.6980099738345875,0.8291190476190476,28,secondary,no,649,yes,no,0.6-0.7,blue-collar,telephone,single
17,apr,155,1,no,32536,0.9032211151248134,0.8240654761904761,39,primary,no,510,yes,no,0.9-1.0,blue-collar,telephone,married
15,jul,374,5,no,14710,0.8191326459309198,0.8209761904761905,35,tertiary,no,2622,no,no,0.8-0.9,blue-collar,telephone,single
12,aug,483,5,no,20662,0.7611536900582304,0.812845238095238,47,tertiary,no,800,no,no,0.7-0.8,management,telephone,married
17,apr,344,2,no,32950,0.8178978125353822,0.8086309523809523,53,secondary,no,-163,yes,no,0.8-0.9,blue-collar,telephone,married
9,apr,162,4,no,31859,0.7098586145022344,0.7999920634920636,58,tertiary,no,5253,no,no,0.7-0.8,retired,telephone,married
13,may,390,1,no,37353,0.7072611563132172,0.7961753246753246,30,secondary,no,186,yes,no,0.7-0.8,blue-collar,telephone,single
2,feb,161,1,no,29208,0.8826128087982498,0.7920865800865801,33,secondary,no,3519,no,no,0.8-0.9,blue-collar,telephone,married
26,aug,515,13,no,23157,0.9375803860670965,0.7889206349206348,41,tertiary,no,1757,no,no,0.9-1.0,management,telephone,married
15,may,372,2,no,38531,0.872225905611689,0.7874444444444444,34,primary,no,390,yes,no,0.8-0.9,blue-collar,telephone,married
28,jan,468,1,no,27781,0.8071145500874752,0.7866852510234861,29,tertiary,no,8,no,no,0.8-0.9,blue-collar,telephone,single
4,feb,118,4,no,29803,0.9286588777039241,0.7778484848484848,37,secondary,no,496,no,no,0.9-1.0,blue-collar,telephone,married
15,may,894,2,no,38442,0.7806487909028261,0.7693333333333332,41,secondary,no,2550,yes,no,0.7-0.8,blue-collar,telephone,married
21,jul,489,3,no,15564,0.7408962577003111,0.7691666666666666,26,secondary,no,49,no,no,0.7-0.8,blue-collar,telephone,single
23,may,168,1,no,5292,0.681443507421503,0.767940476190476,37,tertiary,no,4303,yes,no,0.6-0.7,blue-collar,unknown,married
17,apr,279,1,no,32594,0.7418798601004104,0.7633536414565826,31,secondary,no,314,yes,no,0.7-0.8,blue-collar,telephone,married
6,feb,401,1,no,30638,0.7844027979277787,0.7525108225108224,33,tertiary,no,802,no,no,0.7-0.8,management,telephone,married
18,jul,909,3,no,15473,0.7063332241605853,0.7385476190476186,34,secondary,no,934,no,no,0.7-0.8,blue-collar,telephone,single
2,feb,149,1,no,29049,0.7810595064624404,0.737939393939394,46,secondary,no,0,yes,no,0.7-0.8,blue-collar,telephone,married
11,jul,666,2,no,14175,0.7989698467973301,0.7369444444444443,34,secondary,no,25,no,no,0.7-0.8,blue-collar,telephone,married
6,feb,350,1,no,30640,0.718427505368779,0.7345674603174602,32,secondary,no,0,no,no,0.7-0.8,blue-collar,telephone,married
30,apr,319,1,no,33991,0.7706679751807108,0.73055867012043,57,secondary,no,169,no,no,0.7-0.8,blue-collar,telephone,married
7,may,556,1,no,35218,0.6939362726734233,0.728571067821068,26,secondary,no,-295,yes,no,0.6-0.7,unknown,telephone,married
8,may,1022,1,no,35670,0.7481614463223863,0.723714285714286,56,unknown,no,789,yes,no,0.7-0.8,blue-collar,telephone,married
8,may,579,1,no,35851,0.7508724697720872,0.7195535714285713,40,primary,no,1970,no,no,0.7-0.8,blue-collar,telephone,single
21,jul,588,1,no,15769,0.8249560267705063,0.718199023199023,31,secondary,no,1890,yes,no,0.8-0.9,blue-collar,telephone,married
5,feb,605,2,no,30466,0.976695821259668,0.7176825396825397,29,secondary,no,209,no,no,0.9-1.0,blue-collar,telephone,single
30,apr,524,2,no,33972,0.7150440593208824,0.7168709273182956,33,secondary,no,1737,no,no,0.7-0.8,blue-collar,telephone,married
17,apr,799,1,no,32552,0.8723761344306395,0.7075595238095239,42,secondary,no,5354,yes,no,0.8-0.9,blue-collar,telephone,married
7,may,873,1,no,35621,0.8188234128974016,0.7021507936507938,40,unknown,no,64,yes,no,0.8-0.9,blue-collar,telephone,married
2,jun,224,1,no,39922,0.7480672143270419,0.7013976833976834,41,secondary,no,1021,no,no,0.7-0.8,blue-collar,telephone,married
3,apr,353,2,no,31555,0.7067577783203742,0.7007521645021647,56,primary,no,0,yes,no,0.7-0.8,blue-collar,telephone,married
30,apr,249,1,no,33942,0.7473734681890946,0.700552964344942,29,secondary,no,3794,no,no,0.7-0.8,blue-collar,telephone,single
9,jul,236,1,no,13510,0.8795560049913153,0.699996031746032,31,secondary,no,1,no,no,0.8-0.9,blue-collar,telephone,single
7,may,388,2,no,35609,0.8149596051661195,0.6999123931623933,45,secondary,no,3271,no,no,0.8-0.9,technician,telephone,married
6,aug,388,8,no,19321,0.9455254552710823,0.6993809523809523,60,secondary,no,1025,no,no,0.9-1.0,blue-collar,telephone,married
6,may,438,1,no,34743,0.8668757909517693,0.6968414085914089,35,secondary,no,404,yes,no,0.8-0.9,blue-collar,telephone,married
20,apr,401,1,no,33198,0.6861002190878103,0.6946612554112553,30,secondary,no,1473,yes,no,0.6-0.7,blue-collar,telephone,single
8,apr,216,1,no,31826,0.764609744264992,0.6939990079365078,25,secondary,no,654,no,no,0.7-0.8,blue-collar,telephone,single
14,apr,129,1,no,32012,0.8489295443787929,0.6928055555555556,32,secondary,no,410,yes,no,0.8-0.9,blue-collar,telephone,married
17,apr,113,1,no,32720,0.7655127817515057,0.6924434523809524,34,secondary,no,1467,yes,no,0.7-0.8,blue-collar,telephone,married
17,apr,463,1,no,32832,0.6934147883478029,0.691420634920635,52,secondary,no,340,yes,no,0.6-0.7,blue-collar,telephone,married
7,jul,445,1,no,12825,0.831832264631969,0.6906666666666667,34,secondary,no,564,no,yes,0.8-0.9,blue-collar,telephone,married
20,nov,915,1,no,26768,0.8100178834403767,0.679642857142857,57,unknown,no,4012,no,no,0.8-0.9,blue-collar,telephone,married
23,apr,117,1,no,33782,0.7864534722728304,0.6779761904761905,22,secondary,no,61,no,no,0.7-0.8,blue-collar,telephone,single
12,may,820,1,no,2138,0.8049568308722521,0.676595238095238,29,secondary,no,891,no,no,0.8-0.9,blue-collar,unknown,married
21,apr,219,1,no,33701,0.7536220838657455,0.6752767857142858,37,secondary,no,749,no,no,0.7-0.8,blue-collar,telephone,married
7,apr,244,3,no,31735,0.8490844124103825,0.6733690476190478,36,secondary,no,356,yes,no,0.8-0.9,blue-collar,telephone,married
29,jan,1026,1,no,28288,0.7517676151165885,0.6720952380952382,46,secondary,no,660,yes,no,0.7-0.8,blue-collar,telephone,married
6,jun,298,2,no,9616,0.7342557255441062,0.6712792207792208,48,secondary,no,2662,no,no,0.7-0.8,blue-collar,unknown,married
12,jun,278,1,no,10341,0.698509811481016,0.6700277777777777,36,primary,no,398,yes,no,0.6-0.7,blue-collar,unknown,married
26,may,118,2,no,39641,0.9368579950391634,0.6697196749610543,33,tertiary,no,1077,no,no,0.9-1.0,blue-collar,telephone,single
19,nov,640,1,no,25947,0.7616432316147046,0.6687945887445886,36,tertiary,no,2622,no,no,0.7-0.8,blue-collar,telephone,single
9,feb,70,2,no,30918,0.9600089935530444,0.6656785714285715,28,secondary,no,659,no,no,0.9-1.0,blue-collar,telephone,single
12,may,366,1,no,36572,0.9633129996112361,0.6641666666666666,38,secondary,no,1533,yes,no,0.9-1.0,blue-collar,telephone,married
5,may,362,1,no,34552,0.6982802993540637,0.6606230158730159,33,tertiary,no,1371,yes,no,0.6-0.7,blue-collar,telephone,single
18,nov,417,1,no,24988,0.9760938996756472,0.6602936507936509,31,secondary,no,93,yes,no,0.9-1.0,blue-collar,telephone,married
5,feb,382,4,no,30166,0.7234568362326076,0.6579786324786323,48,secondary,no,341,no,yes,0.7-0.8,blue-collar,telephone,married
5,mar,168,2,no,31258,0.7725673665459603,0.6571854256854257,23,tertiary,no,0,no,no,0.7-0.8,blue-collar,telephone,single
30,apr,374,1,no,34171,0.6834566186429756,0.6514085539142365,27,tertiary,no,73,no,no,0.6-0.7,blue-collar,telephone,married
16,apr,275,1,no,32258,0.7357334589956249,0.650936974789916,35,secondary,no,-101,yes,no,0.7-0.8,blue-collar,telephone,single
3,apr,335,1,no,31570,0.8459763088976908,0.6502020202020202,47,secondary,no,0,no,no,0.8-0.9,blue-collar,telephone,married
12,may,464,3,no,36899,0.7642861665978444,0.6501111111111109,40,primary,no,129,yes,no,0.7-0.8,blue-collar,telephone,married
22,apr,382,2,no,33762,0.8112309405579411,0.649861111111111,30,secondary,no,40,no,no,0.8-0.9,blue-collar,telephone,single
9,apr,85,1,no,31876,0.7577143989841987,0.6481190476190474,39,tertiary,no,272,yes,no,0.7-0.8,management,telephone,married
9,feb,132,3,no,30951,0.7394297809663137,0.6454325396825397,44,secondary,no,432,no,no,0.7-0.8,blue-collar,telephone,married
4,may,399,1,no,34371,0.7738277143603358,0.6450476190476189,26,unknown,no,677,no,no,0.7-0.8,blue-collar,telephone,single
4,feb,275,1,no,29836,0.8448870491580979,0.644765873015873,39,secondary,no,512,no,no,0.8-0.9,blue-collar,telephone,married
1,jun,165,1,no,39784,0.7702039754506754,0.6420015601682268,34,secondary,no,528,no,no,0.7-0.8,blue-collar,telephone,single
13,may,404,2,no,37300,0.7790610805074558,0.6405155677655678,35,secondary,no,0,yes,no,0.7-0.8,blue-collar,telephone,married
12,aug,355,4,no,20590,0.9423217702918666,0.6397380952380953,60,secondary,no,711,no,no,0.9-1.0,blue-collar,telephone,married
29,jul,226,1,no,17749,0.7376861415728787,0.6358506493506494,35,secondary,no,6554,no,no,0.7-0.8,blue-collar,telephone,single
12,may,639,3,no,36648,0.8388973088452506,0.6341309523809525,37,secondary,no,1573,yes,no,0.8-0.9,blue-collar,telephone,married
15,apr,217,2,no,32118,0.7159366301169868,0.633659557762499,28,tertiary,no,0,yes,no,0.7-0.8,technician,telephone,single
19,nov,498,1,no,25697,0.7047828731504927,0.6329435786435786,48,secondary,no,1428,no,no,0.7-0.8,blue-collar,telephone,married
21,nov,492,2,no,27237,0.728050941858169,0.6318439754689755,40,secondary,no,1831,no,no,0.7-0.8,blue-collar,telephone,married
5,may,252,1,no,34506,0.7113287832644767,0.6261323953823953,59,primary,no,191,yes,no,0.7-0.8,blue-collar,telephone,married
30,may,160,1,no,7629,0.7349432850477037,0.6259761904761905,38,secondary,no,661,yes,no,0.7-0.8,blue-collar,unknown,married
13,apr,238,2,no,31994,0.7258086935350571,0.6253540022069436,50,secondary,no,-194,yes,no,0.7-0.8,blue-collar,telephone,married
5,feb,92,1,no,30349,0.9836974130564681,0.624624098124098,41,secondary,no,8,no,no,0.9-1.0,blue-collar,telephone,married
26,mar,143,2,no,31403,0.734466540023496,0.6232976190476189,38,secondary,no,6706,no,no,0.7-0.8,blue-collar,telephone,married
1,jun,201,1,no,39756,0.7781236356528421,0.6227084740273147,28,tertiary,no,14,no,no,0.7-0.8,blue-collar,telephone,single
8,may,374,2,no,35793,0.8932095847264905,0.6215714285714287,39,primary,no,444,yes,no,0.8-0.9,blue-collar,telephone,married
27,may,237,2,no,39707,0.7235209119673754,0.620674603174603,23,secondary,no,1358,no,no,0.7-0.8,blue-collar,telephone,single
16,apr,284,1,no,32434,0.7549074983539623,0.6162738095238095,24,secondary,no,0,yes,no,0.7-0.8,blue-collar,telephone,married
8,apr,101,1,no,31833,0.7821310656508654,0.6139682539682539,39,tertiary,no,271,yes,no,0.7-0.8,management,telephone,married
9,apr,106,2,no,31922,0.8145895813998132,0.6137802303060925,39,secondary,no,0,no,no,0.8-0.9,blue-collar,telephone,married
5,may,246,1,no,34616,0.7520135700239392,0.6137752525252523,53,secondary,no,0,yes,no,0.7-0.8,blue-collar,telephone,married
21,jul,226,1,no,15622,0.9643829728913382,0.6135238095238095,37,tertiary,no,-65,no,no,0.9-1.0,blue-collar,telephone,married
18,nov,435,1,no,25106,0.7680898586720509,0.6117460317460316,50,secondary,no,642,no,no,0.7-0.8,blue-collar,telephone,single
3,mar,103,1,no,31236,0.7498130465736196,0.6026944444444443,38,secondary,no,2549,no,no,0.7-0.8,blue-collar,telephone,married
15,may,495,1,no,38263,0.748345131868429,0.6000714285714285,42,secondary,no,-106,yes,no,0.7-0.8,blue-collar,telephone,married
2,feb,269,2,no,29329,0.6983219743846502,0.5979517195767198,31,tertiary,no,0,no,no,0.6-0.7,management,telephone,married
17,apr,332,1,no,32668,0.6935362123729725,0.5961865079365078,34,secondary,no,21,no,no,0.6-0.7,blue-collar,telephone,married
26,aug,392,2,no,23013,0.7875803526112819,0.5933214285714287,45,tertiary,no,0,no,no,0.7-0.8,management,telephone,married
5,feb,605,1,no,30262,0.7806412284342095,0.5926883116883117,29,secondary,no,1261,no,no,0.7-0.8,blue-collar,telephone,single
4,may,346,2,no,34222,0.7671081433797298,0.5886071428571429,49,secondary,no,3620,no,no,0.7-0.8,blue-collar,telephone,married
20,nov,604,1,no,26590,0.7889957408209214,0.5872638888888889,31,secondary,no,9911,no,no,0.7-0.8,blue-collar,telephone,married
1,apr,124,1,no,31473,0.7403618390013161,0.5833409090909091,27,tertiary,no,0,yes,no,0.7-0.8,management,telephone,single
5,feb,388,1,no,30325,0.791165299140089,0.5821298701298702,26,secondary,no,685,no,no,0.7-0.8,blue-collar,telephone,single
12,may,396,2,no,36912,0.8154625918326363,0.5802457264957266,37,secondary,no,1193,no,no,0.8-0.9,blue-collar,telephone,married
28,jul,644,3,no,17400,0.6815266095484407,0.5783690476190474,32,secondary,no,976,yes,no,0.6-0.7,blue-collar,telephone,single
16,jul,524,4,no,14982,0.7200453652661732,0.5761071428571429,32,secondary,no,0,yes,no,0.7-0.8,blue-collar,telephone,married
4,feb,79,1,no,29731,0.9944259799181596,0.5754761904761905,52,secondary,no,774,no,no,0.9-1.0,blue-collar,telephone,married
6,feb,92,12,no,30800,0.9750573307978238,0.5739199134199136,31,secondary,no,690,no,no,0.9-1.0,blue-collar,telephone,single
27,aug,558,11,no,23319,0.7096937455399267,0.5737559523809523,36,tertiary,no,0,no,no,0.7-0.8,management,telephone,married
14,apr,108,2,no,32092,0.768042986462378,0.5731372344130964,34,secondary,no,852,no,no,0.7-0.8,blue-collar,telephone,single
17,apr,211,2,no,33032,0.7891992864712805,0.5698701298701299,32,secondary,no,620,no,no,0.7-0.8,blue-collar,telephone,single
4,may,136,1,no,34212,0.7111538339637902,0.5689166666666667,60,secondary,no,4519,no,no,0.7-0.8,blue-collar,telephone,married
29,may,173,1,no,7336,0.709046365063833,0.5615515873015873,35,secondary,no,869,yes,no,0.7-0.8,blue-collar,unknown,married
30,jul,652,2,no,17908,0.7381142669891477,0.559141186299081,45,secondary,no,1201,no,no,0.7-0.8,blue-collar,telephone,married
2,feb,95,3,no,29250,0.8745025791302222,0.5567380952380954,27,tertiary,no,43,no,no,0.8-0.9,blue-collar,telephone,single
17,apr,346,2,no,32828,0.7308417541166164,0.5544398356241722,31,secondary,no,62,no,no,0.7-0.8,blue-collar,telephone,married
18,may,115,1,no,38929,0.9406249813790164,0.5530623627580148,41,secondary,no,1967,yes,no,0.9-1.0,blue-collar,telephone,married
9,feb,89,2,no,30925,0.8058325198793881,0.5445515873015873,34,secondary,no,764,no,no,0.8-0.9,blue-collar,telephone,married
11,may,489,2,no,36243,0.7796881440327448,0.5405472582972581,42,secondary,no,1450,no,no,0.7-0.8,blue-collar,telephone,married
16,apr,567,2,no,32385,0.7953534996242742,0.5397817460317459,35,secondary,no,951,yes,no,0.7-0.8,blue-collar,telephone,married
15,apr,239,2,no,32172,0.7562868142526098,0.539705717893218,42,secondary,no,2397,yes,no,0.7-0.8,blue-collar,telephone,married
16,jul,538,2,no,14946,0.6966097766115763,0.5389166666666666,55,secondary,no,-480,no,no,0.6-0.7,blue-collar,telephone,married
17,apr,625,3,no,33049,0.8746545055869749,0.538541847041847,36,primary,no,1127,yes,no,0.8-0.9,blue-collar,telephone,married
12,may,451,4,no,36705,0.813298556594589,0.5375833333333333,37,secondary,no,1543,yes,no,0.8-0.9,services,telephone,married
9,feb,172,5,no,30874,0.6910077672239348,0.5356428571428571,52,secondary,no,-462,yes,no,0.6-0.7,blue-collar,telephone,married
22,may,119,1,no,39374,0.7309621124325228,0.5346525974025973,45,secondary,no,6971,no,no,0.7-0.8,blue-collar,telephone,married
18,may,261,1,no,38978,0.7357875506329364,0.5332079831932773,29,secondary,no,200,yes,no,0.7-0.8,blue-collar,telephone,single
4,feb,279,1,no,30019,0.7693671314958586,0.5312099567099567,34,secondary,no,531,no,no,0.7-0.8,blue-collar,telephone,married
6,may,346,3,no,35066,0.796233009836254,0.5299736652236652,30,secondary,no,1282,yes,no,0.7-0.8,blue-collar,telephone,single
20,apr,98,2,no,33413,0.7797477054162869,0.5293831168831168,30,secondary,no,1165,no,no,0.7-0.8,blue-collar,telephone,married
18,may,488,5,no,39221,0.7112063948221267,0.5272738095238094,37,secondary,no,16,no,no,0.7-0.8,blue-collar,telephone,single
13,apr,363,2,no,31971,0.7179520274993039,0.5181155462184875,38,secondary,no,3834,yes,no,0.7-0.8,blue-collar,telephone,married
3,feb,114,1,no,29614,0.8698552903259924,0.5180238095238092,24,secondary,no,172,no,no,0.8-0.9,blue-collar,telephone,single
21,nov,383,4,no,27406,0.8590430444048959,0.5165238095238095,32,tertiary,no,118,no,no,0.8-0.9,blue-collar,telephone,married
9,apr,429,2,no,31896,0.7965854539996968,0.5143307923960098,36,secondary,no,3268,no,no,0.7-0.8,blue-collar,telephone,married
17,apr,153,1,no,32755,0.7485159138117781,0.5138501984126984,37,primary,no,188,yes,no,0.7-0.8,blue-collar,telephone,married
17,apr,142,1,no,32535,0.7669198847147018,0.5123105158730158,44,secondary,no,445,yes,no,0.7-0.8,blue-collar,telephone,married
8,may,376,3,no,35925,0.8511601049059024,0.5110238095238097,35,secondary,no,0,yes,no,0.8-0.9,blue-collar,telephone,single
3,feb,80,1,no,29476,0.8511601049059024,0.5108333333333333,35,secondary,no,0,yes,no,0.8-0.9,blue-collar,telephone,single
29,jan,603,2,no,28629,0.9616934735036462,0.5088949579831933,28,secondary,no,775,no,no,0.9-1.0,blue-collar,telephone,single
2,feb,221,1,no,29006,0.8424521321293195,0.5044818792318793,32,secondary,no,714,no,no,0.8-0.9,blue-collar,telephone,married
4,feb,246,1,no,29949,0.7097934007742143,0.5036904761904761,34,secondary,no,1651,no,no,0.7-0.8,blue-collar,telephone,married
2,feb,252,1,no,29241,0.799044264503984,0.5032506319351149,38,secondary,no,485,yes,no,0.7-0.8,blue-collar,telephone,married
14,jul,417,3,no,14387,0.6975560155730779,0.5004047619047618,57,secondary,no,808,no,no,0.6-0.7,blue-collar,telephone,married
16,jul,350,1,no,14890,0.9951352963661787,0.49883333333333335,31,secondary,no,1210,no,no,0.9-1.0,blue-collar,telephone,married
16,apr,225,1,no,32422,0.7179366010800509,0.49713538748832875,31,secondary,no,4457,yes,no,0.7-0.8,blue-collar,telephone,married
6,feb,298,6,no,30607,0.7760835858519215,0.49602380952380953,35,secondary,no,627,yes,no,0.7-0.8,blue-collar,telephone,married
18,may,305,2,no,39321,0.8376153715960932,0.4954817927170867,26,secondary,no,483,yes,no,0.8-0.9,blue-collar,telephone,single
27,apr,98,1,no,33819,0.8292437070268565,0.49354761904761907,53,tertiary,no,122,no,no,0.8-0.9,blue-collar,telephone,married
18,may,380,2,no,38995,0.797860193485834,0.4920277777777779,48,secondary,no,-480,no,no,0.7-0.8,blue-collar,telephone,married
6,may,222,1,no,34789,0.9691752223465864,0.49123953823953814,36,secondary,no,50,yes,no,0.9-1.0,blue-collar,telephone,married
27,may,100,1,no,39699,0.9709672869814168,0.49090764790764796,25,secondary,no,425,no,no,0.9-1.0,blue-collar,telephone,single
21,nov,470,1,no,27008,0.7724207148761671,0.4906230158730159,45,secondary,no,2519,no,no,0.7-0.8,blue-collar,telephone,married
3,feb,343,2,no,29516,0.8201784930785253,0.48357936507936516,31,secondary,no,757,no,no,0.8-0.9,blue-collar,telephone,single
15,may,160,2,no,38530,0.9322500455520105,0.48269298245614023,35,secondary,no,-133,yes,no,0.9-1.0,blue-collar,telephone,married
27,aug,300,4,no,23310,0.8796777561843443,0.48057936507936505,32,tertiary,no,157,no,no,0.8-0.9,blue-collar,telephone,married
27,may,204,2,no,39696,0.7887081021356126,0.4786205183705184,32,secondary,no,1649,no,no,0.7-0.8,blue-collar,telephone,single
18,may,435,7,no,39030,0.8064522249628259,0.47145238095238107,45,secondary,no,2353,yes,no,0.8-0.9,blue-collar,telephone,married
25,may,205,1,no,39495,0.7797477054162869,0.46808333333333335,30,secondary,no,1165,no,no,0.7-0.8,blue-collar,telephone,married
27,aug,503,13,no,23192,0.754314195804084,0.46719841269841283,58,secondary,no,0,no,no,0.7-0.8,blue-collar,telephone,married
17,nov,595,2,no,24682,0.8472185758277271,0.46611904761904766,41,secondary,no,0,yes,no,0.8-0.9,blue-collar,telephone,married
18,may,298,1,no,38861,0.6861002190878103,0.46608893557422976,30,secondary,no,1450,yes,no,0.6-0.7,blue-collar,telephone,single
2,feb,204,2,no,29284,0.8079659786122556,0.46524847374847406,39,secondary,no,442,yes,no,0.8-0.9,blue-collar,telephone,married
2,mar,131,12,no,31224,0.7818104579818272,0.4618174603174603,25,secondary,no,1099,no,no,0.7-0.8,blue-collar,telephone,single
28,jan,978,2,no,27942,0.7098497771642461,0.46132142857142866,52,secondary,no,199,no,no,0.7-0.8,blue-collar,telephone,married
4,feb,207,3,no,29995,0.7488252758328602,0.4605436507936506,27,secondary,no,298,no,no,0.7-0.8,blue-collar,telephone,single
25,may,200,1,no,39481,0.8258420436573389,0.45870238095238086,37,secondary,no,0,yes,no,0.8-0.9,blue-collar,telephone,married
2,feb,244,1,no,29061,0.8138469437525441,0.4574172986017815,58,secondary,no,0,yes,no,0.8-0.9,blue-collar,telephone,married
5,feb,342,2,no,30452,0.8243626201770998,0.4548888888888888,32,secondary,no,2294,yes,no,0.8-0.9,blue-collar,telephone,married
8,may,218,1,no,35874,0.9650667463092494,0.45375793650793644,46,secondary,no,-637,yes,no,0.9-1.0,blue-collar,telephone,married
5,feb,196,1,no,30402,0.7403618390013161,0.45087229437229437,27,tertiary,no,0,yes,no,0.7-0.8,management,telephone,single
16,apr,104,1,no,32416,0.7079178315345431,0.4446666666666666,53,secondary,no,3703,yes,no,0.7-0.8,blue-collar,telephone,married
30,apr,176,2,no,34115,0.7276820078956178,0.44188492063492063,57,primary,no,1119,no,no,0.7-0.8,blue-collar,telephone,married
3,feb,197,1,no,29496,0.6857118822089925,0.4388260073260074,29,secondary,no,120,no,yes,0.6-0.7,blue-collar,telephone,married
31,jul,209,1,no,18589,0.9093827105373299,0.43529345654345664,44,secondary,no,0,no,no,0.9-1.0,blue-collar,telephone,married
23,jul,421,2,no,16478,0.7787272312070947,0.4338452380952381,31,secondary,no,378,no,no,0.7-0.8,blue-collar,telephone,single
2,feb,244,1,no,29005,0.715553030215619,0.4328824695419524,47,secondary,no,207,yes,no,0.7-0.8,blue-collar,telephone,married
2,feb,326,5,no,28986,0.6923028303622435,0.4267460317460317,42,secondary,no,814,yes,no,0.6-0.7,blue-collar,telephone,married
21,jul,229,1,no,15647,0.7200453652661732,0.4218333333333334,32,secondary,no,0,yes,no,0.7-0.8,blue-collar,telephone,married
8,may,346,2,no,35931,0.7353291300653918,0.419880008880009,27,secondary,no,3,yes,no,0.7-0.8,blue-collar,telephone,single
18,may,296,2,no,39276,0.7344073491485232,0.41502544351073767,28,primary,no,25,yes,no,0.7-0.8,blue-collar,telephone,single
17,apr,65,1,no,32882,0.8437395179346007,0.41109523809523807,41,secondary,no,1380,yes,no,0.8-0.9,blue-collar,telephone,married
30,apr,173,2,no,34025,0.7589005456135516,0.40602678571428574,59,secondary,no,2381,no,no,0.7-0.8,blue-collar,telephone,married
21,aug,318,5,no,22189,0.7108383275799147,0.40457142857142864,32,tertiary,no,438,no,no,0.7-0.8,management,telephone,single
17,apr,397,1,no,32778,0.7875046584672667,0.40225396825396814,38,secondary,no,382,yes,no,0.7-0.8,blue-collar,telephone,married
22,aug,385,9,no,22525,0.7801894424720124,0.4010873015873016,31,tertiary,no,137,no,no,0.7-0.8,unknown,telephone,married
5,feb,100,1,no,30428,0.7825624121331204,0.39905266955266944,31,tertiary,no,541,no,no,0.7-0.8,blue-collar,telephone,single
23,jul,190,1,no,16347,0.9516827115599689,0.39859523809523817,36,tertiary,no,14930,no,no,0.9-1.0,management,telephone,married
22,aug,105,1,no,22561,0.9819169207258576,0.3967497502497502,56,secondary,no,150,no,no,0.9-1.0,blue-collar,telephone,married
6,may,265,1,no,34905,0.7594585423229339,0.3963993506493507,33,secondary,no,680,yes,no,0.7-0.8,blue-collar,telephone,married
25,aug,431,5,no,22880,0.7122425769134085,0.3941904761904763,38,secondary,no,0,no,no,0.7-0.8,technician,telephone,married
17,apr,401,1,no,32800,0.7936491489092132,0.3916096681096681,34,tertiary,no,520,yes,no,0.7-0.8,management,telephone,married
16,apr,235,2,no,32368,0.6823626531118678,0.38738417396556946,38,secondary,no,281,yes,no,0.6-0.7,blue-collar,telephone,married
8,may,175,2,no,35900,0.8565207295686454,0.38316917293233077,38,secondary,no,0,yes,no,0.8-0.9,blue-collar,telephone,married
6,may,128,1,no,34816,0.7711425050531636,0.38252922077922075,35,secondary,no,-101,yes,yes,0.7-0.8,blue-collar,telephone,married
15,may,377,1,no,38205,0.6845277925060853,0.3795761183261185,30,secondary,no,-118,no,no,0.6-0.7,blue-collar,telephone,single
7,may,323,3,no,35599,0.8894899935216277,0.3741944444444445,34,secondary,no,0,yes,no,0.8-0.9,blue-collar,telephone,married
31,jul,517,4,no,18306,0.967446694309157,0.3727396893646893,45,secondary,no,194,no,no,0.9-1.0,blue-collar,telephone,married
4,aug,282,1,no,18948,0.7861251083446986,0.3703943001443001,46,secondary,no,2533,no,no,0.7-0.8,blue-collar,telephone,married
20,nov,305,1,no,26613,0.9822648618976919,0.367119918699187,32,secondary,no,781,no,no,0.9-1.0,blue-collar,telephone,single
31,jul,408,8,no,18251,0.9536654263552954,0.3664725398475398,43,secondary,no,0,no,no,0.9-1.0,blue-collar,telephone,married
18,nov,411,1,no,24904,0.6823374196927334,0.36538095238095236,33,secondary,no,661,yes,no,0.6-0.7,blue-collar,telephone,married
5,may,89,5,no,34420,0.933151893617689,0.3649318181818182,42,secondary,no,2133,yes,no,0.9-1.0,blue-collar,telephone,married
31,jul,536,8,no,18755,0.7765845784548255,0.3628380330499896,37,secondary,no,5132,no,no,0.7-0.8,blue-collar,telephone,married
10,jul,168,1,no,13709,0.9685820004997114,0.36191269841269835,52,secondary,no,3422,no,no,0.9-1.0,blue-collar,telephone,married
14,may,134,2,no,37992,0.9196356162691558,0.35966666666666663,38,primary,no,-258,yes,no,0.9-1.0,blue-collar,telephone,married
6,may,155,2,no,35095,0.7756371609347993,0.3582382851067061,44,secondary,no,49,yes,no,0.7-0.8,blue-collar,telephone,married
17,nov,256,2,no,24550,0.9657417774930722,0.35769047619047617,50,unknown,no,4861,no,no,0.9-1.0,blue-collar,telephone,married
18,jul,320,1,no,15527,0.767204156516867,0.3526984126984127,32,secondary,no,473,no,no,0.7-0.8,blue-collar,telephone,married
20,nov,373,1,no,26187,0.7658222824967728,0.35236507936507944,31,secondary,no,713,yes,no,0.7-0.8,blue-collar,telephone,married
3,feb,169,2,no,29463,0.7420500269904347,0.3492142857142857,32,unknown,no,393,no,no,0.7-0.8,blue-collar,telephone,single
14,may,102,1,no,37648,0.8654047953304083,0.3488510101010101,36,secondary,no,869,yes,no,0.8-0.9,blue-collar,telephone,married
19,aug,224,2,no,21628,0.8329040495728204,0.34580555555555553,51,secondary,no,91,no,no,0.8-0.9,blue-collar,telephone,married
20,nov,422,1,no,26255,0.7618806375542012,0.3455198412698413,39,secondary,no,3655,no,no,0.7-0.8,blue-collar,telephone,married
27,aug,276,3,no,23419,0.9288497771642461,0.3436150793650794,52,secondary,no,190,no,no,0.9-1.0,blue-collar,telephone,married
23,mar,47,2,no,31376,0.9822456041335204,0.34157142857142864,24,secondary,no,493,no,no,0.9-1.0,blue-collar,telephone,single
2,mar,54,1,no,31215,0.9160741728175006,0.341420634920635,26,secondary,no,1595,no,no,0.9-1.0,blue-collar,telephone,married
28,may,158,2,no,39727,0.7113626013390274,0.3411843711843713,56,secondary,no,1671,no,no,0.7-0.8,blue-collar,telephone,married
2,feb,249,3,no,29339,0.7002484557470491,0.34014502164502153,36,secondary,no,304,yes,no,0.7-0.8,blue-collar,telephone,married
22,jul,185,1,no,15959,0.8258420436573389,0.33951984126984136,37,secondary,no,0,yes,no,0.8-0.9,blue-collar,telephone,married
7,aug,301,2,no,19455,0.841610734491948,0.3391547619047619,49,secondary,no,0,no,no,0.8-0.9,blue-collar,telephone,married
14,may,128,1,no,37778,0.7251375221001287,0.3360634920634922,39,secondary,no,1089,yes,no,0.7-0.8,blue-collar,telephone,married
20,nov,324,7,no,26485,0.8074012659294195,0.3341645021645021,55,secondary,no,166,no,no,0.8-0.9,blue-collar,telephone,married
21,aug,429,2,no,22107,0.71653173546478,0.3319126984126984,41,secondary,no,988,no,no,0.7-0.8,technician,telephone,married
3,feb,124,2,no,29548,0.6943185874362068,0.3298137418137419,49,secondary,no,1403,no,no,0.6-0.7,blue-collar,telephone,married
7,apr,66,1,no,31731,0.7391011907902417,0.3286190476190476,24,secondary,no,5,no,no,0.7-0.8,blue-collar,telephone,single
7,may,203,1,no,35172,0.8370953648818187,0.32859523809523816,29,secondary,no,504,yes,no,0.8-0.9,blue-collar,telephone,married
22,apr,91,2,no,33758,0.7946924832797453,0.3252976190476191,52,secondary,no,0,no,no,0.7-0.8,blue-collar,telephone,married
7,may,115,3,no,35462,0.8451574162412879,0.32051149425287356,30,secondary,no,239,yes,no,0.8-0.9,blue-collar,telephone,single
22,jul,129,1,no,16032,0.722612607599276,0.3184686147186147,25,secondary,no,18,yes,no,0.7-0.8,blue-collar,telephone,single
23,apr,86,1,no,33792,0.6801163691384267,0.3179166666666667,30,secondary,no,482,no,no,0.6-0.7,blue-collar,telephone,married
2,jul,32,3,no,12502,0.8516128257813107,0.31312937062937063,31,secondary,no,824,yes,no,0.8-0.9,blue-collar,unknown,married
29,jul,435,2,no,17648,0.8118726916710518,0.3105238095238095,49,secondary,no,63,no,no,0.8-0.9,blue-collar,telephone,married
18,may,200,1,no,38882,0.843327392887415,0.31033893557422976,37,unknown,no,471,yes,no,0.8-0.9,blue-collar,telephone,married
29,jan,623,2,no,28540,0.7332144018549026,0.30920448179271715,35,secondary,no,1836,no,no,0.7-0.8,blue-collar,telephone,single
6,may,153,1,no,34805,0.8894899935216277,0.30814249639249636,34,secondary,no,0,yes,no,0.8-0.9,blue-collar,telephone,married
2,feb,67,1,no,28990,0.9171771374779714,0.30780952380952376,28,secondary,no,53,no,no,0.9-1.0,blue-collar,telephone,single
12,may,131,1,no,36679,0.9033276404168465,0.3072380952380953,34,secondary,no,151,yes,no,0.9-1.0,blue-collar,telephone,married
2,feb,446,2,no,29016,0.7639524443271587,0.3056110954263128,37,secondary,no,506,yes,no,0.7-0.8,blue-collar,telephone,married
20,aug,341,3,no,22039,0.6930649506874191,0.29929365079365083,43,tertiary,no,1088,no,no,0.6-0.7,technician,telephone,married
29,jul,604,3,no,17540,0.730074330219055,0.29598412698412696,59,primary,no,0,yes,no,0.7-0.8,blue-collar,telephone,married
5,may,342,2,no,34660,0.6884553641118909,0.29544047619047625,37,tertiary,no,0,yes,no,0.6-0.7,blue-collar,telephone,single
18,may,297,1,no,38896,0.806289785681752,0.29458893557422977,37,secondary,no,5768,yes,no,0.8-0.9,blue-collar,telephone,married
26,may,75,1,no,39591,0.880269903063439,0.2941688311688312,26,unknown,no,4311,no,no,0.8-0.9,blue-collar,telephone,married
19,aug,347,3,no,21774,0.7040557319362293,0.2928095238095238,42,secondary,no,329,no,no,0.7-0.8,blue-collar,telephone,married
13,may,177,4,no,37096,0.8306278994757276,0.29264285714285715,30,secondary,no,55,yes,no,0.8-0.9,blue-collar,telephone,married
2,mar,59,2,no,31220,0.8985184150001976,0.29158730158730156,35,unknown,no,1055,no,no,0.8-0.9,blue-collar,telephone,married
22,apr,99,3,no,33725,0.7209753424718163,0.28647619047619044,63,secondary,no,-40,no,no,0.7-0.8,blue-collar,telephone,married
12,may,261,1,no,36627,0.6856735006185835,0.2856349206349207,41,secondary,no,1535,yes,no,0.6-0.7,blue-collar,telephone,married
5,aug,176,2,no,19118,0.9047475943773736,0.28548809523809526,38,tertiary,no,1980,no,no,0.9-1.0,blue-collar,telephone,married
7,jul,244,4,no,12746,0.8823620145729154,0.2840833333333333,41,secondary,no,125,no,no,0.8-0.9,blue-collar,telephone,married
5,feb,124,2,no,30526,0.7341943425989317,0.28321428571428575,34,secondary,no,713,no,no,0.7-0.8,blue-collar,telephone,single
21,jul,322,4,no,15558,0.7713190093319722,0.2823095238095237,44,secondary,no,4842,no,no,0.7-0.8,blue-collar,telephone,married
24,jul,132,1,no,16754,0.8282606556084835,0.28161147186147184,30,secondary,no,78,yes,no,0.8-0.9,blue-collar,telephone,married
4,feb,197,1,no,29762,0.7234375192125664,0.2757175324675324,38,secondary,no,308,yes,no,0.7-0.8,blue-collar,telephone,married
30,jul,158,2,no,17882,0.949639569789908,0.274400432900433,42,secondary,no,947,no,no,0.9-1.0,blue-collar,telephone,married
21,nov,155,2,no,27502,0.9775630465736195,0.27345238095238095,38,secondary,no,1973,no,no,0.9-1.0,blue-collar,telephone,married
27,may,81,1,no,39670,0.7135409732354125,0.2723957431457432,37,secondary,no,1559,no,no,0.7-0.8,blue-collar,telephone,married
14,jul,227,4,no,14491,0.9379605160314003,0.26591666666666663,27,secondary,no,0,no,yes,0.9-1.0,blue-collar,telephone,married
18,jul,147,1,no,15395,0.8583157140331469,0.26368290043290044,39,unknown,no,64,yes,no,0.8-0.9,blue-collar,telephone,married
30,apr,132,1,no,34166,0.7057158277007387,0.2605357142857143,28,primary,no,307,no,no,0.7-0.8,services,telephone,single
29,jul,422,4,no,17688,0.7465328796040532,0.2578333333333333,42,primary,no,1278,no,no,0.7-0.8,blue-collar,telephone,married
12,may,337,1,no,36780,0.8596294577534163,0.2538492063492063,33,secondary,no,-417,no,no,0.8-0.9,blue-collar,telephone,married
3,feb,475,3,no,29653,0.7292508061317303,0.2521372498274672,41,tertiary,no,0,no,no,0.7-0.8,management,telephone,married
2,feb,155,2,no,29203,0.7320422272992251,0.2510714285714285,31,secondary,no,338,no,no,0.7-0.8,blue-collar,telephone,single
23,jul,152,1,no,16405,0.8152598555633077,0.2509209956709957,52,secondary,no,3703,yes,no,0.8-0.9,blue-collar,telephone,married
29,jan,407,1,no,28138,0.9007957942598855,0.24880429864253395,34,secondary,no,407,no,no,0.9-1.0,blue-collar,telephone,single
5,feb,221,1,no,30285,0.7251763117488162,0.2486428571428571,50,secondary,no,223,no,no,0.7-0.8,blue-collar,telephone,married
28,jul,334,8,no,17174,0.818423205721786,0.24783333333333332,27,secondary,no,0,yes,no,0.8-0.9,services,telephone,married
29,jul,153,4,no,17821,0.9004617539732718,0.24758333333333338,37,secondary,no,0,no,no,0.9-1.0,blue-collar,telephone,married
7,may,262,2,no,35508,0.950792608357649,0.24595238095238098,35,secondary,no,0,yes,no,0.9-1.0,blue-collar,telephone,married
6,aug,222,2,no,19265,0.8744915026981473,0.2451666666666667,37,secondary,no,4965,no,no,0.8-0.9,technician,telephone,married
18,may,144,3,no,38793,0.8050088938292074,0.2427930402930403,44,secondary,no,-314,no,no,0.8-0.9,blue-collar,telephone,married
19,aug,160,3,no,21753,0.8797922486422908,0.2421666666666667,53,unknown,no,0,no,no,0.8-0.9,blue-collar,telephone,married
28,jul,405,4,no,17282,0.7409472350710967,0.242,58,secondary,no,447,no,no,0.7-0.8,blue-collar,telephone,married
5,aug,295,2,no,19125,0.7811054103296924,0.24173809523809525,46,secondary,no,664,no,no,0.7-0.8,blue-collar,telephone,married
22,jul,279,3,no,16189,0.7797668857544768,0.2405238095238095,30,secondary,no,1700,yes,no,0.7-0.8,blue-collar,telephone,single
27,may,107,2,no,39695,0.6802431514569126,0.2345749863163656,26,secondary,no,0,no,no,0.6-0.7,student,telephone,single
20,aug,359,2,no,21904,0.7480022871249348,0.2310674603174603,55,secondary,no,128,no,no,0.7-0.8,blue-collar,telephone,married
7,may,240,1,no,35148,0.7335170616853547,0.2303333333333333,29,secondary,no,92,yes,no,0.7-0.8,services,telephone,married
17,apr,95,3,no,32738,0.7216564172563951,0.22915476190476192,33,primary,no,499,no,no,0.7-0.8,blue-collar,telephone,married
16,apr,132,2,no,32376,0.7033171873414713,0.22749600657740193,43,secondary,no,1138,no,no,0.7-0.8,blue-collar,telephone,married
19,nov,288,1,no,25583,0.8037420937774794,0.2263044425087108,52,primary,no,6286,no,no,0.8-0.9,blue-collar,telephone,married
7,may,103,1,no,35193,0.7018117334715924,0.22595815295815297,29,tertiary,no,422,yes,no,0.7-0.8,blue-collar,telephone,single
29,aug,156,2,no,23876,0.87532603951708,0.22230519480519487,38,secondary,no,1314,no,no,0.8-0.9,blue-collar,telephone,married
9,jul,112,1,no,13452,0.7422693463645623,0.21895238095238098,35,secondary,no,1,yes,no,0.7-0.8,blue-collar,telephone,married
16,apr,75,2,no,32297,0.7092972168353278,0.2179761904761904,35,tertiary,no,3751,yes,no,0.7-0.8,management,telephone,married
15,may,340,2,no,38613,0.8286870459295909,0.21755952380952379,30,secondary,no,891,no,no,0.8-0.9,blue-collar,telephone,married
5,may,176,1,no,34705,0.7246091921259469,0.21750360750360753,35,primary,no,-229,yes,no,0.7-0.8,blue-collar,telephone,married
13,may,79,1,no,37289,0.7992439957561374,0.21697402597402596,49,primary,no,112,yes,no,0.7-0.8,blue-collar,telephone,married
8,jul,188,1,no,13026,0.9038129127810517,0.21685714285714283,30,secondary,no,312,no,no,0.9-1.0,blue-collar,telephone,single
5,may,187,1,no,34487,0.7272910633645211,0.2167031024531025,29,secondary,no,0,yes,no,0.7-0.8,blue-collar,telephone,single
20,nov,128,2,no,26666,0.9206517868264538,0.21630952380952384,40,tertiary,no,9541,no,no,0.9-1.0,management,telephone,married
21,nov,129,2,no,27533,0.9822673675887361,0.21630952380952384,49,secondary,no,1320,no,no,0.9-1.0,blue-collar,telephone,married
31,jul,201,2,no,18453,0.9436663672419564,0.21510839160839168,42,secondary,no,176,no,no,0.9-1.0,blue-collar,telephone,married
4,may,54,2,no,34262,0.9316142807081613,0.21505952380952378,41,tertiary,no,1536,no,no,0.9-1.0,blue-collar,telephone,married
18,may,24,1,no,39078,0.7411706790123759,0.21469151138716353,30,tertiary,no,726,yes,no,0.7-0.8,management,telephone,married
7,may,329,1,no,35213,0.8313166938623621,0.21442857142857144,54,secondary,no,300,yes,no,0.8-0.9,management,telephone,married
4,may,10,4,no,34369,0.9750573307978238,0.21413419913419912,31,secondary,no,690,no,no,0.9-1.0,blue-collar,telephone,single
30,jul,157,4,no,18192,0.9937456432752662,0.21341666666666664,49,secondary,no,769,no,no,0.9-1.0,blue-collar,telephone,married
5,aug,109,1,no,19054,0.9477890226669117,0.20996428571428574,46,secondary,no,0,no,no,0.9-1.0,blue-collar,telephone,married
24,jul,338,1,no,16600,0.7021461799534069,0.20846031746031746,40,secondary,no,1614,no,no,0.7-0.8,blue-collar,telephone,married
18,may,197,2,no,39156,0.8185518105990236,0.20756305356150556,40,secondary,no,220,yes,no,0.8-0.9,blue-collar,telephone,married
28,aug,76,1,no,23665,0.7012724710328528,0.20468265068265074,55,secondary,no,-2,no,no,0.7-0.8,blue-collar,telephone,married
8,may,328,2,no,35628,0.787939142440462,0.2026321733821734,40,secondary,no,-607,yes,no,0.7-0.8,blue-collar,telephone,married
23,jul,279,3,no,16521,0.7321458510954865,0.19885714285714282,38,secondary,no,74,yes,no,0.7-0.8,blue-collar,telephone,married
4,aug,86,1,no,18881,0.9387367021504442,0.19871428571428573,49,tertiary,no,5223,no,no,0.9-1.0,management,telephone,married
14,jul,276,3,no,14266,0.8349813779073159,0.198,55,primary,no,343,yes,no,0.8-0.9,blue-collar,telephone,married
20,aug,132,2,no,21993,0.9225493581076494,0.1975,30,secondary,no,2403,no,no,0.9-1.0,technician,telephone,married
8,aug,248,2,no,19905,0.7337891887088758,0.19633333333333333,45,tertiary,no,2406,no,no,0.7-0.8,management,telephone,married
7,aug,137,2,no,19549,0.9706405751396442,0.19466666666666668,47,secondary,no,1265,no,no,0.9-1.0,blue-collar,telephone,married
27,apr,90,2,no,33836,0.7267150851262252,0.19444047619047622,30,secondary,no,457,no,no,0.7-0.8,blue-collar,telephone,single
21,nov,347,1,no,27309,0.8267892898929329,0.19279849012775846,33,secondary,no,335,yes,no,0.8-0.9,blue-collar,telephone,married
15,may,319,1,no,38344,0.8105724592576163,0.19226190476190477,35,tertiary,no,1374,yes,no,0.8-0.9,blue-collar,telephone,single
29,jan,395,1,no,28163,0.8608257539878553,0.1921376319758673,31,secondary,no,50,no,no,0.8-0.9,blue-collar,telephone,single
21,jul,93,1,no,15679,0.9701343382728791,0.19194022644022643,38,secondary,no,0,yes,no,0.9-1.0,blue-collar,telephone,married
4,feb,108,1,no,29887,0.7198434555654698,0.19159523809523812,39,secondary,no,43,yes,no,0.7-0.8,blue-collar,telephone,married
30,jul,255,2,no,17996,0.8346851345768534,0.19040476190476188,54,primary,no,0,no,no,0.8-0.9,blue-collar,telephone,married
17,nov,397,2,no,24663,0.7976076232374024,0.18843326118326117,37,tertiary,no,1988,no,no,0.7-0.8,blue-collar,telephone,married
27,feb,46,1,no,31195,0.7869245140423932,0.18716666666666665,37,secondary,no,3427,no,no,0.7-0.8,blue-collar,telephone,married
15,may,206,5,no,38532,0.771030956607738,0.18699999999999994,34,primary,no,0,yes,no,0.7-0.8,blue-collar,telephone,married
18,nov,171,1,no,25321,0.8993211870294394,0.1856794425087108,47,primary,no,1095,yes,no,0.8-0.9,blue-collar,telephone,married
13,may,217,1,no,37030,0.772477930332317,0.1856468253968254,34,primary,no,412,yes,no,0.7-0.8,blue-collar,telephone,married
20,nov,108,2,no,26723,0.8499600973005141,0.1843095238095238,34,secondary,no,558,no,no,0.8-0.9,technician,telephone,married
17,jul,272,1,no,15062,0.8017635389611215,0.18416666666666665,46,primary,no,509,no,no,0.8-0.9,blue-collar,telephone,married
31,jul,307,6,no,18403,0.7224342762888705,0.18412571758767413,58,primary,no,2538,yes,no,0.7-0.8,retired,telephone,married
9,jul,185,1,no,13695,0.8707086884262267,0.1825,36,primary,no,227,no,no,0.8-0.9,blue-collar,telephone,married
11,may,100,1,no,36154,0.759821826330233,0.18073593073593075,33,secondary,no,177,yes,no,0.7-0.8,blue-collar,telephone,married
29,jan,162,1,no,28293,0.847614777752044,0.18,38,secondary,no,-33,no,no,0.8-0.9,blue-collar,telephone,married
28,jul,173,2,no,17248,0.7374153638220956,0.17942424242424238,56,secondary,no,1026,yes,no,0.7-0.8,blue-collar,telephone,married
22,jul,400,2,no,16126,0.7494237781661086,0.17907142857142858,33,secondary,no,474,no,no,0.7-0.8,blue-collar,telephone,married
15,may,99,1,no,38507,0.7398407621378876,0.1788311688311688,31,secondary,no,-1,yes,no,0.7-0.8,blue-collar,telephone,single
12,may,223,1,no,36589,0.7820630174792694,0.17855158730158735,43,secondary,no,1076,yes,no,0.7-0.8,blue-collar,telephone,married
7,aug,217,3,no,19710,0.954841432412005,0.17799999999999996,51,secondary,no,101,no,no,0.9-1.0,blue-collar,telephone,married
15,may,259,3,no,38619,0.8293652152299765,0.17712698412698413,34,secondary,no,1268,yes,no,0.8-0.9,blue-collar,telephone,married
5,may,54,4,no,34555,0.8933274033886436,0.17709848484848487,48,secondary,no,-513,yes,no,0.8-0.9,blue-collar,telephone,married
11,jul,147,10,no,14115,0.9921856910382343,0.17658333333333334,36,secondary,no,48,no,no,0.9-1.0,blue-collar,telephone,married
15,may,241,1,no,38195,0.7988898849032886,0.17448015873015876,60,secondary,no,174,yes,no,0.7-0.8,blue-collar,telephone,married
30,mar,52,3,no,31448,0.8700965448436877,0.17380952380952383,26,tertiary,no,2855,no,no,0.8-0.9,blue-collar,telephone,married
20,nov,290,3,no,26847,0.7577350507167376,0.17365259740259742,33,tertiary,no,3379,no,no,0.7-0.8,blue-collar,telephone,single
2,feb,153,4,no,29388,0.7154698618350542,0.1735595238095238,35,secondary,no,220,yes,no,0.7-0.8,blue-collar,telephone,married
6,may,251,4,no,35025,0.7130271020753329,0.1720108225108225,35,tertiary,no,272,yes,no,0.7-0.8,management,telephone,married
11,aug,80,2,no,20225,0.9634402343951188,0.17166666666666663,46,secondary,no,1804,no,no,0.9-1.0,blue-collar,telephone,married
14,jul,90,2,no,14249,0.9626875252246824,0.17166666666666663,32,secondary,no,187,yes,no,0.9-1.0,blue-collar,telephone,married
15,jul,90,1,no,14636,0.9386854326219869,0.17146861471861471,44,secondary,no,4353,yes,no,0.9-1.0,blue-collar,telephone,married
4,aug,148,1,no,18823,0.7763195838804421,0.17118506493506494,58,secondary,no,6878,no,no,0.7-0.8,blue-collar,telephone,married
8,jul,78,4,no,13265,0.9155100595640897,0.17109848484848483,28,secondary,no,19,no,no,0.9-1.0,blue-collar,telephone,single
6,may,234,1,no,34837,0.763023402207387,0.17080014430014429,37,secondary,no,315,yes,no,0.7-0.8,blue-collar,telephone,married
8,may,322,1,no,36008,0.8457846702817028,0.17055952380952383,42,secondary,no,256,no,no,0.8-0.9,blue-collar,telephone,married
12,may,286,1,no,36727,0.8060287766358688,0.1698174603174603,32,secondary,no,1288,yes,no,0.8-0.9,blue-collar,telephone,married
28,jan,299,1,no,27807,0.9557125833073897,0.1675,29,secondary,no,187,no,no,0.9-1.0,blue-collar,telephone,single
5,may,64,1,no,34629,0.8225298408738182,0.16734920634920633,32,secondary,no,-273,yes,no,0.8-0.9,blue-collar,telephone,married
14,may,138,2,no,37722,0.8112000373570111,0.16733333333333333,28,secondary,no,3,no,no,0.8-0.9,blue-collar,telephone,single
6,may,320,1,no,35028,0.7114859760884137,0.16630699855699851,34,secondary,no,-429,yes,no,0.7-0.8,blue-collar,telephone,married
10,feb,49,3,no,31019,0.8495274371012111,0.16557142857142854,38,tertiary,no,0,no,no,0.8-0.9,management,telephone,married
2,feb,160,4,no,29345,0.7163654983443039,0.16552380952380955,28,secondary,no,629,no,no,0.7-0.8,blue-collar,telephone,married
30,jul,186,6,no,18049,0.9470610413601445,0.16503571428571426,35,secondary,no,0,no,no,0.9-1.0,blue-collar,telephone,married
29,jan,372,1,no,28256,0.9241701703394082,0.16490686274509805,30,secondary,no,19,no,no,0.9-1.0,blue-collar,telephone,single
14,may,244,1,no,37621,0.7375599649809197,0.16484956709956713,29,secondary,no,25,yes,no,0.7-0.8,blue-collar,telephone,single
11,may,8,5,no,36202,0.9891644618319662,0.16409848484848488,45,primary,no,542,no,no,0.9-1.0,blue-collar,telephone,married
6,may,184,2,no,34915,0.8253055412635013,0.16363490164805952,41,primary,no,0,yes,no,0.8-0.9,blue-collar,telephone,married
2,feb,152,1,no,28942,0.7111538339637902,0.16330769230769226,60,secondary,no,4519,no,no,0.7-0.8,blue-collar,telephone,married
25,aug,157,4,no,22745,0.9615853622100929,0.16325,35,tertiary,no,29,no,no,0.9-1.0,management,telephone,married
11,may,95,1,no,36208,0.7853078629973445,0.15973593073593073,35,primary,no,189,yes,no,0.7-0.8,blue-collar,telephone,married
13,may,137,3,no,37198,0.7856200369380903,0.15933333333333333,29,primary,no,215,yes,no,0.7-0.8,blue-collar,telephone,single
5,aug,114,1,no,19055,0.7867075789598543,0.15861904761904763,53,tertiary,no,5094,no,no,0.7-0.8,blue-collar,telephone,married
25,jul,153,2,no,17002,0.7004218755852561,0.15811904761904758,36,tertiary,no,612,no,no,0.7-0.8,management,telephone,married
20,aug,108,4,no,21885,0.9343029215153122,0.15791666666666668,48,secondary,no,0,no,no,0.9-1.0,blue-collar,telephone,married
17,nov,173,1,no,24386,0.8725305310771961,0.15775087108013938,31,tertiary,no,0,no,no,0.8-0.9,blue-collar,telephone,single
30,apr,64,1,no,34015,0.9780881009992412,0.15749999999999997,30,secondary,no,414,no,no,0.9-1.0,blue-collar,telephone,single
8,may,191,1,no,35766,0.7693325248343055,0.15681277056277057,38,secondary,no,258,yes,no,0.7-0.8,blue-collar,telephone,married
8,jul,359,1,no,13149,0.7273634050135641,0.15558333333333332,33,secondary,no,1248,no,no,0.7-0.8,blue-collar,telephone,single
31,jul,189,3,no,18687,0.9283825860821819,0.1548226773226773,45,secondary,no,-405,no,no,0.9-1.0,blue-collar,telephone,married
17,jul,69,1,no,15011,0.8559218958870852,0.1546590909090909,39,secondary,no,0,yes,no,0.8-0.9,blue-collar,telephone,married
13,may,94,2,no,37416,0.7565486369576542,0.1531781609195402,39,secondary,no,9618,yes,no,0.7-0.8,blue-collar,telephone,married
18,may,154,2,no,39146,0.7139877375000652,0.15291083477925582,41,tertiary,no,1387,yes,no,0.7-0.8,management,telephone,married
5,feb,69,2,no,30369,0.72664569545857,0.15257142857142858,46,secondary,no,939,no,no,0.7-0.8,blue-collar,telephone,married
17,nov,153,1,no,24491,0.9650667463092494,0.15067944250871082,46,secondary,no,-637,yes,no,0.9-1.0,blue-collar,telephone,married
8,may,212,2,no,35758,0.8323297851236117,0.14865726817042607,33,tertiary,no,0,yes,no,0.8-0.9,management,telephone,married
29,may,52,5,no,7258,0.8564461167579701,0.1484318181818182,30,primary,no,1032,yes,no,0.8-0.9,blue-collar,unknown,married
22,aug,127,2,no,22334,0.890894280274196,0.14833333333333332,31,tertiary,no,0,no,no,0.8-0.9,technician,telephone,married
12,aug,127,1,no,20628,0.7266258196252682,0.14741702741702745,31,tertiary,no,297,no,no,0.7-0.8,management,telephone,married
12,aug,254,2,no,20587,0.828663515780406,0.1453809523809524,39,tertiary,no,1424,yes,no,0.8-0.9,management,telephone,married
4,aug,68,1,no,18904,0.8492185202323854,0.14222619047619045,57,secondary,no,999,no,no,0.8-0.9,blue-collar,telephone,married
5,aug,100,3,no,19140,0.8800498011380927,0.14025,57,primary,no,286,no,no,0.8-0.9,blue-collar,telephone,married
19,nov,177,1,no,25613,0.8483765036549241,0.1397508710801394,39,secondary,no,159,no,no,0.8-0.9,blue-collar,telephone,married
2,feb,173,1,no,29169,0.6833399626390824,0.13955372405372402,34,secondary,no,50,yes,no,0.6-0.7,blue-collar,telephone,married
14,may,233,1,no,37796,0.7769897254937841,0.13762301587301587,37,secondary,no,141,yes,no,0.7-0.8,blue-collar,telephone,married
5,feb,74,2,no,30438,0.7368531257700015,0.13740476190476192,33,secondary,no,56,no,no,0.7-0.8,blue-collar,telephone,married
2,feb,75,2,no,29105,0.7507677741921467,0.1372142857142857,35,tertiary,no,994,no,no,0.7-0.8,blue-collar,telephone,single
30,apr,76,1,no,34031,0.8017545232486424,0.13714285714285712,29,secondary,no,719,no,no,0.8-0.9,blue-collar,telephone,single
22,aug,247,4,no,22503,0.8938544745598037,0.13683333333333333,36,tertiary,no,0,no,no,0.8-0.9,management,telephone,married
27,aug,88,3,no,23344,0.9489002477969517,0.13583333333333333,32,tertiary,no,4393,no,no,0.9-1.0,management,telephone,married
17,nov,148,1,no,24575,0.8654952933387114,0.1356794425087108,50,secondary,no,202,no,yes,0.8-0.9,blue-collar,telephone,married
17,jul,282,1,no,15107,0.7402796921089876,0.13299999999999998,43,secondary,no,587,yes,no,0.7-0.8,blue-collar,telephone,married
2,feb,174,1,no,28984,0.7182613179232337,0.13247435897435897,40,secondary,no,5,no,no,0.7-0.8,blue-collar,telephone,married
5,may,281,2,no,34652,0.8171229696236197,0.13204509379509383,39,secondary,no,676,yes,no,0.8-0.9,blue-collar,telephone,married
29,aug,109,2,no,23863,0.9064873545399276,0.13166666666666668,34,secondary,no,96,no,no,0.9-1.0,blue-collar,telephone,married
11,may,288,1,no,36323,0.7938205104346184,0.13098412698412695,37,secondary,no,246,yes,no,0.7-0.8,blue-collar,telephone,married
10,jul,268,1,no,13869,0.7415975446987261,0.13092857142857142,34,secondary,no,0,no,no,0.7-0.8,blue-collar,telephone,married
27,may,76,3,no,39715,0.8041483939758395,0.1305,55,secondary,no,1872,no,no,0.8-0.9,blue-collar,telephone,married
8,jul,199,1,no,13159,0.8181020507556169,0.13046753246753245,35,secondary,no,148,no,yes,0.8-0.9,blue-collar,telephone,married
30,jan,323,4,no,28882,0.7403618390013161,0.13016666666666665,27,tertiary,no,0,yes,no,0.7-0.8,management,telephone,single
19,aug,109,6,no,21604,0.8817197486149605,0.12924999999999998,58,primary,no,0,no,no,0.8-0.9,blue-collar,telephone,married
20,aug,112,4,no,21859,0.893754425407759,0.12791666666666668,50,secondary,no,1431,no,no,0.8-0.9,blue-collar,telephone,married
9,jul,139,1,no,13376,0.6925153582486271,0.1271190476190476,40,secondary,no,275,yes,no,0.6-0.7,blue-collar,telephone,married
2,feb,170,1,no,29299,0.7091472261303419,0.12597435897435896,30,secondary,no,3156,no,no,0.7-0.8,blue-collar,telephone,single
10,jul,269,1,no,13921,0.718427505368779,0.1255952380952381,32,secondary,no,0,no,no,0.7-0.8,blue-collar,telephone,married
24,jul,286,4,no,16834,0.7825946923369664,0.1249126984126984,33,secondary,no,61,no,no,0.7-0.8,blue-collar,telephone,single
9,jul,41,12,no,13699,0.9101210656279717,0.12443181818181819,50,secondary,no,858,no,no,0.9-1.0,blue-collar,telephone,married
15,may,13,8,no,38604,0.8690381145426528,0.12443181818181819,40,secondary,no,0,yes,no,0.8-0.9,blue-collar,telephone,married
15,may,332,1,no,38291,0.8223838704818968,0.12416666666666668,31,secondary,no,360,no,no,0.8-0.9,blue-collar,telephone,married
31,jul,196,4,no,18369,0.9252089317470903,0.1235705128205128,42,secondary,no,490,no,no,0.9-1.0,blue-collar,telephone,married
14,jul,223,3,no,14492,0.7708443470698757,0.12258333333333335,40,secondary,no,79,yes,no,0.7-0.8,blue-collar,telephone,married
6,feb,8,5,no,30733,0.9352022565737836,0.12234848484848486,45,secondary,no,285,no,no,0.9-1.0,blue-collar,telephone,married
2,feb,87,2,no,29230,0.7085153453775439,0.1218611111111111,57,secondary,no,567,yes,no,0.7-0.8,blue-collar,telephone,married
5,may,46,1,no,34497,0.8084022326782814,0.12111111111111111,38,secondary,no,930,yes,no,0.8-0.9,blue-collar,telephone,married
17,jul,115,1,no,15046,0.8103821280453641,0.12074242424242425,52,secondary,no,1426,no,no,0.8-0.9,blue-collar,telephone,married
2,feb,75,1,no,29159,0.7418062832833284,0.11954761904761904,46,primary,no,469,yes,no,0.7-0.8,blue-collar,telephone,married
15,may,333,1,no,38340,0.7604565758742529,0.11947258297258298,44,secondary,no,-179,yes,no,0.7-0.8,blue-collar,telephone,married
9,feb,12,4,no,30856,0.892038219060103,0.11784848484848486,32,secondary,no,298,yes,no,0.8-0.9,blue-collar,telephone,married
9,jul,295,1,no,13431,0.7122101550636137,0.11740476190476193,34,secondary,no,-154,no,no,0.7-0.8,blue-collar,telephone,married
30,jul,84,3,no,18108,0.904843254345344,0.11499999999999998,26,secondary,no,443,no,no,0.9-1.0,blue-collar,telephone,single
8,may,88,1,no,35660,0.7911562117429951,0.11406132756132754,41,secondary,no,639,yes,no,0.7-0.8,blue-collar,telephone,married
15,may,126,2,no,38682,0.7359653539792401,0.1134638752052545,40,secondary,no,952,yes,no,0.7-0.8,blue-collar,telephone,married
11,jul,43,1,no,14057,0.7816187640661145,0.11252380952380951,33,secondary,no,32,no,no,0.7-0.8,blue-collar,telephone,single
28,jan,61,2,no,28083,0.9953897287509179,0.11166666666666668,35,secondary,no,1803,no,no,0.9-1.0,blue-collar,telephone,married
19,nov,111,1,no,25806,0.952358266704709,0.11056039488966318,36,unknown,no,2323,no,no,0.9-1.0,blue-collar,telephone,married
22,jul,72,14,no,15903,0.898262065747182,0.11026515151515151,46,secondary,no,5169,no,no,0.8-0.9,blue-collar,telephone,married
11,mar,60,3,no,31308,0.7706938438819344,0.10966666666666665,29,secondary,no,345,no,no,0.7-0.8,blue-collar,telephone,single
25,aug,67,9,no,22691,0.9101572281988869,0.10958333333333334,46,secondary,no,1083,no,no,0.9-1.0,blue-collar,telephone,married
26,aug,195,9,no,23119,0.9314087887417706,0.10775,31,secondary,no,734,no,no,0.9-1.0,blue-collar,telephone,married
18,nov,90,1,no,24895,0.9752690668653043,0.10663182346109173,35,secondary,no,4463,no,no,0.9-1.0,blue-collar,telephone,married
21,nov,53,3,no,27416,0.8500251716808433,0.10661904761904761,32,tertiary,no,3816,yes,no,0.8-0.9,blue-collar,telephone,single
4,feb,89,2,no,30135,0.7301620140598009,0.106495670995671,52,secondary,no,941,no,no,0.7-0.8,blue-collar,telephone,married
5,mar,41,2,no,31267,0.7152729286371133,0.10621428571428572,29,secondary,no,873,no,no,0.7-0.8,blue-collar,telephone,single
13,may,82,5,no,36999,0.8055890944689459,0.10583333333333332,31,tertiary,no,253,yes,no,0.8-0.9,blue-collar,telephone,single
9,jul,64,1,no,13396,0.9756187563657599,0.1056547619047619,35,primary,no,1994,no,no,0.9-1.0,blue-collar,telephone,married
15,may,48,1,no,38320,0.7279502504083675,0.10508549783549785,24,secondary,no,2,no,no,0.7-0.8,student,telephone,single
21,nov,298,2,no,26923,0.7131984316591476,0.10500974025974025,30,secondary,no,910,no,no,0.7-0.8,blue-collar,telephone,single
28,jan,131,1,no,27924,0.8403282730154247,0.10472222222222222,27,secondary,no,3,no,no,0.8-0.9,student,telephone,single
18,may,18,2,no,39296,0.84647337529859,0.1045952380952381,30,primary,no,-258,yes,no,0.8-0.9,blue-collar,telephone,married
18,nov,120,2,no,25069,0.8166706157206721,0.1045238095238095,55,tertiary,no,0,no,no,0.8-0.9,management,telephone,married
7,may,274,3,no,35572,0.7549997193810088,0.10416666666666669,43,secondary,no,146,yes,no,0.7-0.8,blue-collar,telephone,married
11,jul,67,1,no,14042,0.9122908514791266,0.10232142857142858,59,tertiary,no,39,no,no,0.9-1.0,blue-collar,telephone,married
14,jul,235,3,no,14474,0.8258420436573389,0.10025,37,secondary,no,0,yes,no,0.8-0.9,blue-collar,telephone,married
8,jul,61,3,no,13225,0.9930960420804847,0.09833333333333333,30,secondary,no,4,no,no,0.9-1.0,blue-collar,telephone,married
15,may,78,2,no,38147,0.7895943995025239,0.09752380952380951,34,secondary,no,0,yes,no,0.7-0.8,blue-collar,telephone,married
10,jul,133,1,no,13876,0.7624068370019467,0.09638431013431013,25,secondary,no,19,no,no,0.7-0.8,blue-collar,telephone,single
15,may,237,2,no,38362,0.7442807036833083,0.094488455988456,31,secondary,no,-254,yes,no,0.7-0.8,blue-collar,telephone,married
7,aug,37,3,no,19709,0.9045577322982719,0.09333333333333332,32,tertiary,no,312,no,no,0.9-1.0,management,telephone,single
6,may,219,2,no,34896,0.7292922692960657,0.0919920445052024,42,secondary,no,24,yes,no,0.7-0.8,blue-collar,telephone,married
18,nov,170,1,no,24935,0.8037369028755097,0.09167944250871081,30,tertiary,no,371,no,no,0.8-0.9,blue-collar,telephone,single
17,jul,321,1,no,15146,0.7137005729567385,0.09023809523809521,32,tertiary,no,12,no,no,0.7-0.8,management,telephone,married
20,nov,73,1,no,26374,0.9945763376263963,0.09001277584204413,45,secondary,no,8032,no,no,0.9-1.0,blue-collar,telephone,married
4,may,90,4,no,34282,0.6823374196927334,0.08870238095238098,33,secondary,no,661,yes,no,0.6-0.7,blue-collar,telephone,married
30,jan,308,2,no,28857,0.8745046780401899,0.08817460317460317,33,secondary,no,961,no,no,0.8-0.9,blue-collar,telephone,married
8,may,81,2,no,36006,0.8140632936524999,0.08727777777777777,34,secondary,no,140,yes,no,0.8-0.9,blue-collar,telephone,married
8,may,208,4,no,35709,0.6930569613134362,0.08646320346320346,36,secondary,no,506,yes,no,0.6-0.7,blue-collar,telephone,single
8,aug,193,1,no,19992,0.7142764815225497,0.08595165945165947,32,secondary,no,2711,no,no,0.7-0.8,blue-collar,telephone,married
11,may,217,6,no,36421,0.7117276526405197,0.08571428571428573,37,tertiary,no,0,yes,no,0.7-0.8,management,telephone,married
28,may,93,3,no,39738,0.7107112626029067,0.08390476190476191,30,secondary,no,0,no,no,0.7-0.8,blue-collar,telephone,married
30,apr,48,1,no,34043,0.8419543336879819,0.08256349206349206,32,secondary,no,4,yes,no,0.8-0.9,blue-collar,telephone,married
19,nov,146,2,no,25978,0.8274093016265291,0.0825,33,secondary,no,1762,yes,no,0.8-0.9,blue-collar,telephone,married
28,jan,58,1,no,27892,0.9448493326571924,0.08166666666666668,48,tertiary,no,5978,no,no,0.9-1.0,management,telephone,married
14,may,294,2,no,38041,0.7914823301453272,0.08164285714285714,38,tertiary,no,1307,no,no,0.7-0.8,technician,telephone,married
10,jul,154,1,no,13844,0.8146238558339544,0.0813962148962149,35,secondary,no,454,yes,no,0.8-0.9,blue-collar,telephone,married
6,may,62,1,no,34759,0.713660596663605,0.08091269841269842,23,secondary,no,589,yes,no,0.7-0.8,blue-collar,telephone,single
27,aug,97,7,no,23287,0.8865783045270499,0.08041666666666668,55,secondary,no,1232,no,no,0.8-0.9,blue-collar,telephone,married
22,aug,91,4,no,22473,0.8948001942139365,0.08041666666666668,48,tertiary,no,2939,no,no,0.8-0.9,management,telephone,married
30,jan,220,3,no,28740,0.8704917272247436,0.0788888888888889,38,tertiary,no,76,no,no,0.8-0.9,management,telephone,married
27,aug,34,15,no,23299,0.8785295338424085,0.07875000000000001,46,secondary,no,979,no,no,0.8-0.9,blue-collar,telephone,married
11,aug,33,2,no,20273,0.8864331789326276,0.07833333333333334,31,tertiary,no,416,no,no,0.8-0.9,management,telephone,married
15,jul,118,5,no,14735,0.840065284942616,0.07743181818181818,36,secondary,no,898,no,no,0.8-0.9,blue-collar,telephone,married
30,jan,74,1,no,28735,0.835381371120513,0.07666666666666667,43,secondary,no,540,yes,no,0.8-0.9,blue-collar,telephone,married
14,may,210,2,no,37703,0.6920489135855685,0.07635964912280702,48,secondary,no,-407,yes,no,0.6-0.7,blue-collar,telephone,married
28,aug,131,13,no,23441,0.8289762165157313,0.07625000000000001,50,secondary,no,715,no,no,0.8-0.9,blue-collar,telephone,married
28,jul,151,7,no,17448,0.6871877540885591,0.07526190476190477,35,tertiary,no,0,yes,no,0.6-0.7,blue-collar,telephone,married
30,jul,63,3,no,18097,0.9899498319339863,0.075,40,secondary,no,4,no,no,0.9-1.0,blue-collar,telephone,married
24,jul,92,1,no,16668,0.8847470218010378,0.07489260739260739,39,secondary,no,1086,no,no,0.8-0.9,blue-collar,telephone,married
28,aug,81,4,no,23493,0.8938544745598037,0.07408333333333333,36,tertiary,no,0,no,no,0.8-0.9,management,telephone,married
15,may,258,2,no,38717,0.6899679137575135,0.07355555555555557,27,tertiary,no,4869,yes,no,0.6-0.7,student,telephone,single
30,jul,227,8,no,18012,0.7393137511682526,0.0723095238095238,46,secondary,no,1203,no,no,0.7-0.8,blue-collar,telephone,married
13,aug,352,2,no,20791,0.7306691172388774,0.07192857142857143,60,secondary,no,1538,no,no,0.7-0.8,blue-collar,telephone,married
15,jul,216,7,no,14723,0.7720230144938336,0.07116666666666667,31,secondary,no,0,yes,no,0.7-0.8,management,telephone,married
12,aug,243,3,no,20670,0.7096937455399267,0.07073809523809524,36,tertiary,no,0,no,no,0.7-0.8,management,telephone,married
26,aug,140,6,no,23100,0.8234405116473511,0.07044047619047619,60,primary,no,41,no,no,0.8-0.9,blue-collar,telephone,married
15,may,158,2,no,38720,0.7069396189558924,0.0704047619047619,33,primary,no,-258,yes,no,0.7-0.8,blue-collar,telephone,single
26,aug,159,4,no,22953,0.841610734491948,0.06958333333333334,49,secondary,no,0,no,no,0.8-0.9,blue-collar,telephone,married
4,aug,71,1,no,18838,0.8192510511633178,0.06909523809523811,38,secondary,no,0,yes,no,0.8-0.9,technician,telephone,married
4,aug,68,1,no,18932,0.7505390497153265,0.06866666666666667,53,tertiary,no,1379,no,no,0.7-0.8,blue-collar,telephone,married
18,nov,100,1,no,24992,0.8639724839701475,0.06829849012775843,56,secondary,no,0,no,no,0.8-0.9,blue-collar,telephone,married
20,nov,114,1,no,26329,0.7428422086222151,0.06465563298490128,35,tertiary,no,12634,no,no,0.7-0.8,blue-collar,telephone,married
16,jul,92,1,no,14799,0.8216405430270218,0.06443290043290044,26,secondary,no,1,no,no,0.8-0.9,blue-collar,telephone,married
18,aug,273,4,no,21472,0.6908717419283829,0.06426190476190477,58,unknown,no,2180,no,no,0.6-0.7,blue-collar,telephone,married
21,nov,174,1,no,27014,0.7365134470141007,0.06332229965156794,41,unknown,no,488,no,no,0.7-0.8,blue-collar,telephone,married
11,jul,181,2,no,14127,0.6868597412708247,0.06311904761904763,46,unknown,no,76,no,no,0.6-0.7,blue-collar,telephone,married
24,jul,151,2,no,16753,0.7200453652661732,0.06178571428571429,32,secondary,no,0,yes,no,0.7-0.8,blue-collar,telephone,married
9,jul,199,2,no,13402,0.6960781824410097,0.06178571428571428,35,secondary,no,332,no,no,0.6-0.7,blue-collar,telephone,married
7,may,121,2,no,35410,0.734579170650715,0.06084482758620689,35,secondary,no,0,yes,no,0.7-0.8,blue-collar,telephone,married
17,nov,106,1,no,24453,0.8339103299114459,0.06056039488966318,39,primary,no,0,no,no,0.8-0.9,blue-collar,telephone,married
22,jul,242,7,no,16103,0.7754029173836389,0.059916666666666674,26,secondary,no,321,yes,no,0.7-0.8,blue-collar,telephone,single
8,jul,217,1,no,13105,0.7427329372686406,0.05916666666666667,33,tertiary,no,621,no,no,0.7-0.8,blue-collar,telephone,single
18,may,99,2,no,39195,0.7136924569847407,0.05901882026019956,32,unknown,no,2692,yes,no,0.7-0.8,blue-collar,telephone,single
28,apr,50,2,no,33845,0.7571147424556667,0.05799350649350649,70,primary,no,383,no,no,0.7-0.8,retired,telephone,married
30,jul,134,2,no,18190,0.772477930332317,0.057285714285714294,34,primary,no,412,yes,no,0.7-0.8,blue-collar,telephone,married
7,may,56,1,no,35452,0.7361609349520934,0.05622619047619048,53,secondary,no,26,yes,no,0.7-0.8,blue-collar,telephone,married
28,jan,29,1,no,27921,0.8542998491780007,0.05583333333333333,39,secondary,no,536,no,no,0.8-0.9,blue-collar,telephone,married
24,jul,91,1,no,16576,0.8393701363384239,0.05576562326562326,37,secondary,no,0,no,no,0.8-0.9,blue-collar,telephone,married
5,may,29,3,no,34570,0.767842938783462,0.05564285714285714,46,secondary,no,517,yes,no,0.7-0.8,blue-collar,telephone,married
17,apr,46,1,no,32509,0.750208448420746,0.05518037518037518,35,secondary,no,-402,yes,no,0.7-0.8,blue-collar,telephone,married
20,apr,23,4,no,33371,0.8321135423835581,0.05508658008658009,35,secondary,no,424,yes,no,0.8-0.9,blue-collar,telephone,single
20,apr,39,4,no,33661,0.8337808200126746,0.05508658008658009,33,tertiary,no,1586,no,no,0.8-0.9,blue-collar,telephone,married
7,may,271,2,no,35480,0.8167791885305499,0.05402380952380953,36,secondary,no,181,yes,no,0.8-0.9,blue-collar,telephone,married
18,jul,108,1,no,15375,0.7495341930129817,0.05343290043290042,29,secondary,no,-133,no,no,0.7-0.8,blue-collar,telephone,single
23,jul,198,13,no,16477,0.818423205721786,0.053222222222222226,27,secondary,no,0,yes,no,0.8-0.9,services,telephone,married
7,apr,60,3,no,31675,0.692634231008528,0.052928571428571436,38,secondary,no,271,no,no,0.6-0.7,blue-collar,telephone,married
18,aug,100,6,no,21290,0.8478780865914344,0.05291666666666667,35,tertiary,no,0,no,no,0.8-0.9,management,telephone,married
14,aug,205,2,no,21007,0.7778247162484797,0.05288095238095239,30,secondary,no,2782,no,no,0.7-0.8,technician,telephone,single
18,may,130,4,no,38738,0.6910483550822293,0.05279304029304029,26,secondary,no,0,yes,no,0.6-0.7,services,telephone,married
18,may,104,3,no,39129,0.6893353801706965,0.05278072502210433,34,tertiary,no,4254,yes,no,0.6-0.7,blue-collar,telephone,single
21,nov,157,4,no,27308,0.802543057753557,0.05178571428571428,32,tertiary,no,1716,no,no,0.8-0.9,management,telephone,single
22,aug,115,2,no,22402,0.841610734491948,0.051666666666666666,49,secondary,no,0,no,no,0.8-0.9,blue-collar,telephone,married
5,aug,202,1,no,19104,0.7731910863438433,0.05138095238095239,60,secondary,no,0,no,no,0.7-0.8,blue-collar,telephone,married
29,jan,261,1,no,28397,0.7879211040586012,0.05,38,secondary,no,2329,yes,no,0.7-0.8,blue-collar,telephone,single
6,feb,12,7,no,30736,0.8256125690850993,0.04901515151515151,35,secondary,no,183,no,yes,0.8-0.9,blue-collar,telephone,married
18,nov,79,1,no,25020,0.8143341996146468,0.0481794425087108,34,secondary,no,45,yes,no,0.8-0.9,blue-collar,telephone,married
21,nov,137,2,no,27474,0.8098863438593349,0.04797619047619048,42,secondary,no,-67,no,no,0.8-0.9,blue-collar,telephone,married
13,may,234,2,no,37165,0.7107278645032593,0.04788131313131313,50,primary,no,246,yes,no,0.7-0.8,blue-collar,telephone,married
10,jul,212,1,no,13842,0.7849061683998155,0.04726984126984127,32,secondary,no,0,no,no,0.7-0.8,blue-collar,telephone,married
20,nov,184,1,no,26519,0.6870916783685012,0.04682229965156794,33,secondary,no,2711,no,no,0.6-0.7,blue-collar,telephone,married
15,may,82,3,no,38305,0.7048817998508077,0.04673809523809523,49,primary,no,169,yes,no,0.7-0.8,blue-collar,telephone,married
29,jul,246,4,no,17770,0.7494951670895185,0.04630952380952381,49,secondary,no,2,no,no,0.7-0.8,blue-collar,telephone,married
28,jan,246,2,no,28104,0.8417335925757556,0.04595238095238096,40,secondary,no,399,no,no,0.8-0.9,blue-collar,telephone,married
30,jul,269,17,no,18167,0.7687275105154305,0.04586507936507936,37,unknown,no,892,yes,no,0.7-0.8,blue-collar,telephone,married
28,may,48,4,no,39737,0.7605614031274313,0.0455,45,unknown,no,2033,no,no,0.7-0.8,blue-collar,telephone,married
11,may,288,2,no,36469,0.7474668482500196,0.04472222222222221,56,secondary,no,279,yes,no,0.7-0.8,blue-collar,telephone,married
9,feb,30,4,no,30932,0.7895943995025239,0.044500000000000005,34,secondary,no,0,yes,no,0.7-0.8,blue-collar,telephone,married
7,may,227,2,no,35607,0.7061038148293813,0.043944444444444446,28,secondary,no,26,yes,no,0.7-0.8,blue-collar,telephone,single
11,may,163,2,no,36464,0.7147192066411883,0.04374060150375939,37,secondary,no,3975,yes,no,0.7-0.8,blue-collar,telephone,married
19,nov,58,1,no,25516,0.8380078685566066,0.043060394889663185,37,tertiary,no,2519,yes,no,0.8-0.9,management,telephone,married
27,aug,96,9,no,23202,0.8283763910868903,0.04291666666666666,32,tertiary,no,1836,no,no,0.8-0.9,management,telephone,single
5,may,74,8,no,34720,0.7117276526405197,0.042666666666666665,37,tertiary,no,0,yes,no,0.7-0.8,management,telephone,married
9,jul,321,1,no,13477,0.7346528041834687,0.042,41,primary,no,4488,yes,no,0.7-0.8,blue-collar,telephone,married
10,jul,181,1,no,13771,0.7246611477644135,0.04093650793650793,33,secondary,no,0,yes,no,0.7-0.8,blue-collar,telephone,married
29,jan,320,1,no,28322,0.6844147888283364,0.04,32,secondary,no,-32,no,no,0.6-0.7,blue-collar,telephone,single
29,jan,220,1,no,28151,0.7573093043210684,0.04,29,secondary,no,2,no,yes,0.7-0.8,blue-collar,telephone,married
30,jan,60,2,no,28876,0.7952414933104015,0.04,36,tertiary,no,281,no,no,0.7-0.8,blue-collar,telephone,married
18,may,17,7,no,38809,0.8154329933391452,0.03916666666666666,31,secondary,no,11,yes,no,0.8-0.9,blue-collar,telephone,married
3,feb,11,6,no,29410,0.8306038629186048,0.03901515151515152,34,secondary,no,66,no,no,0.8-0.9,blue-collar,telephone,married
30,jul,253,5,no,17868,0.682241537495092,0.038809523809523815,39,secondary,no,406,no,no,0.6-0.7,blue-collar,telephone,married
11,may,62,3,no,36016,0.8383990154450899,0.03880952380952381,46,primary,no,1807,yes,no,0.8-0.9,blue-collar,telephone,married
29,jan,73,1,no,28302,0.8176371603485353,0.03833333333333333,38,secondary,no,478,no,no,0.8-0.9,blue-collar,telephone,married
7,aug,228,4,no,19514,0.7443459395680736,0.03775,52,unknown,no,635,no,no,0.7-0.8,blue-collar,telephone,married
28,jan,114,1,no,27937,0.7820455013079872,0.0355,41,secondary,no,201,no,no,0.7-0.8,blue-collar,telephone,married
23,jul,70,1,no,16349,0.6893511966307143,0.035306027306027304,47,secondary,no,136,no,yes,0.6-0.7,blue-collar,telephone,married
29,jan,55,2,no,28383,0.7425409046759864,0.035,30,secondary,no,60,no,no,0.7-0.8,blue-collar,telephone,single
18,may,6,4,no,39254,0.751934332862295,0.03483333333333333,29,tertiary,no,559,yes,no,0.7-0.8,management,telephone,married
17,nov,57,1,no,24288,0.9697173062451234,0.03472706155632985,44,secondary,no,0,no,no,0.9-1.0,blue-collar,telephone,married
9,feb,18,3,no,30998,0.7372238247981717,0.0345,51,secondary,no,-229,no,no,0.7-0.8,blue-collar,telephone,married
25,jul,118,3,no,17114,0.7976449860097862,0.034499999999999996,28,secondary,no,230,no,no,0.7-0.8,blue-collar,telephone,single
21,nov,349,1,no,26964,0.6899139420244335,0.033988966318234615,50,tertiary,no,11998,no,no,0.6-0.7,management,telephone,married
11,jul,271,5,no,14202,0.7483127443976101,0.033761904761904764,27,secondary,no,3638,no,no,0.7-0.8,blue-collar,telephone,single
15,may,65,2,no,38427,0.7707063965345055,0.03261904761904762,36,secondary,no,1479,no,no,0.7-0.8,blue-collar,telephone,married
29,jul,108,2,no,17722,0.8037941834549416,0.0325,52,secondary,no,2332,no,no,0.8-0.9,blue-collar,telephone,single
11,may,186,2,no,36325,0.6932986788267463,0.03202631578947369,33,secondary,no,-331,yes,yes,0.6-0.7,blue-collar,telephone,married
15,jul,129,2,no,14566,0.6806426377163501,0.03125,35,secondary,no,0,no,no,0.6-0.7,blue-collar,telephone,married
31,jul,87,2,no,18484,0.8361371100592173,0.030696969696969688,47,tertiary,no,2261,no,no,0.8-0.9,management,telephone,married
4,may,40,5,no,34203,0.7523497803782013,0.028869047619047624,39,secondary,no,140,no,no,0.7-0.8,blue-collar,telephone,married
17,nov,78,1,no,24283,0.7246611477644135,0.028655632984901275,33,secondary,no,0,yes,no,0.7-0.8,blue-collar,telephone,married
28,jan,214,1,no,27887,0.7454955989814753,0.028333333333333335,51,secondary,no,176,no,no,0.7-0.8,blue-collar,telephone,married
28,jan,287,1,no,27883,0.7411862470281604,0.028333333333333335,26,secondary,no,52,no,no,0.7-0.8,blue-collar,telephone,single
6,may,233,2,no,35064,0.69143771575425,0.028143939393939395,55,secondary,no,6205,no,no,0.6-0.7,blue-collar,telephone,married
30,jan,150,1,no,28688,0.7632531119170541,0.0275,29,secondary,no,1751,no,no,0.7-0.8,blue-collar,telephone,single
30,jul,129,2,no,17906,0.7120259019954921,0.027499999999999997,45,secondary,no,3307,no,no,0.7-0.8,blue-collar,telephone,married
8,jul,183,5,no,13359,0.814247310017805,0.027333333333333334,34,secondary,no,145,no,no,0.8-0.9,blue-collar,telephone,married
5,aug,78,2,no,19187,0.7338422627928926,0.026535714285714284,53,secondary,no,1373,no,no,0.7-0.8,blue-collar,telephone,married
29,aug,186,6,no,23932,0.776762311489838,0.02630952380952381,43,secondary,no,257,no,no,0.7-0.8,blue-collar,telephone,married
19,nov,200,1,no,25694,0.7665009329660427,0.02598896631823461,54,secondary,no,1239,no,no,0.7-0.8,blue-collar,telephone,married
28,aug,63,2,no,23540,0.812926522748108,0.025666666666666664,46,secondary,no,0,no,no,0.8-0.9,technician,telephone,married
19,aug,147,3,no,21765,0.6842528566728473,0.0255,44,secondary,no,238,no,no,0.6-0.7,management,telephone,married
26,aug,168,4,no,23140,0.7129081123668105,0.025357142857142856,52,unknown,no,0,no,no,0.7-0.8,blue-collar,telephone,married
21,aug,173,2,no,22131,0.7096937455399267,0.024499999999999997,36,tertiary,no,0,no,no,0.7-0.8,management,telephone,married
20,nov,92,1,no,26315,0.7538279042439678,0.023822299651567947,51,secondary,no,3736,no,no,0.7-0.8,blue-collar,telephone,married
5,feb,15,8,no,30155,0.7736894825599308,0.02333333333333333,28,secondary,no,0,no,no,0.7-0.8,student,telephone,single
19,aug,55,4,no,21597,0.8374267948930908,0.022916666666666665,55,primary,no,0,yes,no,0.8-0.9,blue-collar,telephone,married
6,jun,67,5,no,9679,0.7214646665809192,0.02283333333333333,39,secondary,no,2610,no,no,0.7-0.8,blue-collar,unknown,married
21,nov,124,3,no,27247,0.7665354066224507,0.022666666666666665,55,primary,no,319,no,no,0.7-0.8,blue-collar,telephone,married
21,nov,64,1,no,27152,0.7490722449387535,0.022155632984901277,50,secondary,no,81,no,yes,0.7-0.8,blue-collar,telephone,married
18,may,47,3,no,39004,0.7086950726728751,0.022000000000000002,33,tertiary,no,47,no,no,0.7-0.8,management,telephone,married
28,jan,205,3,no,28096,0.7966029604225348,0.021666666666666664,32,secondary,no,197,no,no,0.7-0.8,blue-collar,telephone,single
23,jul,53,17,no,16520,0.8331687009491492,0.02109848484848485,51,secondary,no,21,no,no,0.8-0.9,blue-collar,telephone,married
21,nov,6,7,no,26904,0.7594909047967684,0.020999999999999998,53,secondary,no,1203,no,no,0.7-0.8,blue-collar,telephone,married
19,nov,188,2,no,26006,0.7849745608241275,0.020833333333333336,40,secondary,no,664,no,no,0.7-0.8,blue-collar,telephone,single
18,aug,207,6,no,21298,0.7697557924288742,0.020761904761904763,47,tertiary,no,1979,no,no,0.7-0.8,blue-collar,telephone,married
18,nov,165,1,no,24859,0.7891254969968774,0.020488966318234613,36,secondary,no,454,yes,no,0.7-0.8,blue-collar,telephone,married
17,nov,184,3,no,24542,0.7547225377963335,0.020166666666666666,34,secondary,no,601,no,no,0.7-0.8,blue-collar,telephone,single
18,may,50,7,no,39305,0.6801850639526854,0.02,32,tertiary,no,902,yes,no,0.6-0.7,blue-collar,telephone,single
6,aug,132,2,no,19439,0.812926522748108,0.019722222222222224,46,secondary,no,0,no,no,0.8-0.9,technician,telephone,married
18,aug,130,2,no,21363,0.6860857881826651,0.019333333333333334,32,tertiary,no,3628,no,no,0.6-0.7,technician,telephone,married
13,aug,187,2,no,20716,0.762054594114743,0.01933333333333333,38,secondary,no,4723,yes,no,0.7-0.8,technician,telephone,single
30,jan,77,1,no,28820,0.7790642391985684,0.019166666666666665,26,secondary,no,802,no,no,0.7-0.8,blue-collar,telephone,single
30,jul,112,5,no,18084,0.8004922690955134,0.019166666666666665,30,secondary,no,1223,yes,no,0.8-0.9,blue-collar,telephone,single
8,jul,220,4,no,13207,0.7617999714188955,0.018833333333333334,30,secondary,no,1249,no,no,0.7-0.8,blue-collar,telephone,single
22,aug,192,6,no,22380,0.7931652534707634,0.018666666666666665,34,secondary,no,36,no,no,0.7-0.8,blue-collar,telephone,married
22,jul,93,2,no,15911,0.7410395286231725,0.018333333333333333,30,secondary,no,874,yes,no,0.7-0.8,blue-collar,telephone,married
28,jan,138,1,no,27845,0.74543962036336,0.018333333333333333,41,secondary,no,1088,yes,no,0.7-0.8,blue-collar,telephone,married
28,jan,294,3,no,28056,0.7387800088253377,0.018333333333333333,33,unknown,no,664,no,no,0.7-0.8,blue-collar,telephone,married
28,jan,119,2,no,28079,0.7454033253367843,0.018333333333333333,33,secondary,no,1,no,no,0.7-0.8,blue-collar,telephone,married
16,jul,29,8,no,14833,0.8215611606827192,0.018181818181818184,40,secondary,no,0,no,no,0.8-0.9,blue-collar,telephone,married
29,aug,214,7,no,23845,0.7090783494839634,0.017857142857142856,57,secondary,no,1218,no,no,0.7-0.8,blue-collar,telephone,married
9,feb,12,9,no,30829,0.7334220054580445,0.017833333333333333,29,secondary,no,291,no,no,0.7-0.8,blue-collar,telephone,single
19,nov,150,1,no,25790,0.75202320873006,0.017822299651567945,47,secondary,no,1939,yes,no,0.7-0.8,blue-collar,telephone,married
31,jul,98,5,no,18290,0.7849970804513873,0.017717391304347827,38,tertiary,no,1209,no,no,0.7-0.8,blue-collar,telephone,married
21,jul,76,3,no,15604,0.6885485729272854,0.0175,46,secondary,no,289,no,yes,0.6-0.7,blue-collar,telephone,married
19,nov,54,1,no,25929,0.812926522748108,0.017346109175377468,46,secondary,no,0,no,no,0.8-0.9,technician,telephone,married
28,jan,50,1,no,27767,0.7587724384844244,0.017166666666666667,34,secondary,no,260,no,no,0.7-0.8,blue-collar,telephone,married
31,jul,245,4,no,18502,0.7343218256368843,0.01699623745819398,42,secondary,no,4343,no,no,0.7-0.8,blue-collar,telephone,single
30,jan,226,2,no,28776,0.7859145090862271,0.016785714285714286,26,secondary,no,187,no,no,0.7-0.8,blue-collar,telephone,single
29,jan,214,3,no,28508,0.7172240860280635,0.016666666666666666,38,secondary,no,531,no,no,0.7-0.8,technician,telephone,married
28,jul,104,3,no,17192,0.6845161869641303,0.016666666666666666,30,tertiary,no,1235,yes,no,0.6-0.7,management,telephone,married
27,aug,130,10,no,23205,0.6858115630269204,0.016666666666666666,35,secondary,no,1085,no,no,0.6-0.7,technician,telephone,married
17,jul,80,5,no,15031,0.7631510409887667,0.0165,35,secondary,no,0,no,no,0.7-0.8,blue-collar,telephone,married
22,jul,73,2,no,16029,0.6813145543796227,0.016,45,secondary,no,0,no,no,0.6-0.7,blue-collar,telephone,married
19,aug,81,2,no,21484,0.6953977576307295,0.01583333333333333,31,secondary,no,0,no,no,0.6-0.7,management,telephone,married
8,aug,176,4,no,19958,0.6887259486808331,0.015,46,secondary,no,2148,no,no,0.6-0.7,blue-collar,telephone,married
9,jul,108,2,no,13552,0.7486181357945974,0.015,57,primary,no,389,no,no,0.7-0.8,blue-collar,telephone,married
8,aug,152,6,no,19746,0.6900092538768083,0.015,48,secondary,no,2,no,no,0.6-0.7,blue-collar,telephone,married
17,nov,212,2,no,24656,0.7173283549413232,0.014833333333333332,48,secondary,no,2707,no,no,0.7-0.8,blue-collar,telephone,married
13,may,133,2,no,37004,0.7200021392699363,0.014666666666666668,42,secondary,no,154,yes,no,0.7-0.8,blue-collar,telephone,married
7,jul,78,11,no,12835,0.7631510409887667,0.013999999999999999,35,secondary,no,0,no,no,0.7-0.8,blue-collar,telephone,married
11,aug,149,3,no,20336,0.7234331363663732,0.013500000000000002,52,secondary,no,7742,no,no,0.7-0.8,blue-collar,telephone,married
15,jul,120,6,no,14711,0.7246611477644135,0.013333333333333332,33,secondary,no,0,yes,no,0.7-0.8,blue-collar,telephone,married
30,jul,142,9,no,17859,0.7085920148058631,0.013333333333333332,52,secondary,no,1746,no,no,0.7-0.8,blue-collar,telephone,married
15,jul,127,5,no,14701,0.7107112626029067,0.013333333333333332,30,secondary,no,0,no,no,0.7-0.8,blue-collar,telephone,married
21,nov,199,2,no,27136,0.7273791243642836,0.013333333333333332,40,secondary,no,67,no,no,0.7-0.8,blue-collar,telephone,married
17,apr,40,9,no,32791,0.7453164055694778,0.013116883116883117,61,primary,no,876,no,no,0.7-0.8,retired,telephone,married
28,aug,176,10,no,23760,0.7122425769134085,0.013000000000000001,38,secondary,no,0,no,no,0.7-0.8,technician,telephone,married
19,nov,98,1,no,25892,0.6899594635545414,0.012822299651567946,30,secondary,no,2074,no,no,0.6-0.7,blue-collar,telephone,married
17,nov,117,1,no,24286,0.7826513299237428,0.012822299651567946,46,secondary,no,-60,no,no,0.7-0.8,blue-collar,telephone,married
29,aug,88,2,no,23894,0.7988006390489475,0.0125,55,secondary,no,0,no,no,0.7-0.8,blue-collar,telephone,married
28,jul,97,6,no,17472,0.7400341062198522,0.011785714285714287,29,tertiary,no,1895,no,no,0.7-0.8,management,telephone,single
27,aug,58,4,no,23168,0.8188624393115387,0.011666666666666665,45,tertiary,no,0,no,no,0.8-0.9,technician,telephone,married
14,aug,113,2,no,21065,0.6813145543796227,0.011000000000000001,45,secondary,no,0,no,no,0.6-0.7,blue-collar,telephone,married
28,jan,112,1,no,27993,0.7388759327543033,0.010833333333333335,32,secondary,no,3473,no,no,0.7-0.8,blue-collar,telephone,married
11,may,66,3,no,36471,0.7689724480423797,0.010666666666666666,36,secondary,no,543,yes,no,0.7-0.8,blue-collar,telephone,married
21,nov,86,3,no,27018,0.7086950726728751,0.010333333333333335,33,tertiary,no,47,no,no,0.7-0.8,management,telephone,married
31,jul,114,8,no,18313,0.6929792262975429,0.010217391304347827,40,secondary,no,816,no,no,0.6-0.7,blue-collar,telephone,single
28,jan,79,1,no,27899,0.7236467507701623,0.01,56,secondary,no,3869,no,no,0.7-0.8,blue-collar,telephone,married
18,aug,29,3,no,21323,0.7326539230540493,0.01,49,unknown,no,1101,no,no,0.7-0.8,blue-collar,telephone,married
14,aug,65,10,no,20945,0.8132259303223579,0.01,48,unknown,no,3756,no,no,0.8-0.9,blue-collar,telephone,married
20,apr,18,5,no,33234,0.734579170650715,0.009761904761904762,35,secondary,no,0,yes,no,0.7-0.8,blue-collar,telephone,married
20,apr,21,5,no,33588,0.7122057682560913,0.009761904761904762,31,secondary,no,-186,yes,no,0.7-0.8,blue-collar,telephone,married
17,nov,91,2,no,24437,0.7230103896884112,0.00857142857142857,58,secondary,no,3735,no,no,0.7-0.8,blue-collar,telephone,married
31,jul,6,10,no,18804,0.7966526444171681,0.00855072463768116,44,secondary,no,611,no,no,0.7-0.8,blue-collar,telephone,married
28,aug,16,28,no,23589,0.7988006390489475,0.008333333333333333,55,secondary,no,0,no,no,0.7-0.8,blue-collar,telephone,married
21,nov,109,2,no,27598,0.7083869067492935,0.008333333333333333,35,tertiary,no,538,yes,no,0.7-0.8,management,telephone,married
19,aug,123,2,no,21485,0.7285507691960269,0.008333333333333333,52,primary,no,204,no,no,0.7-0.8,blue-collar,telephone,married
12,aug,149,7,no,20577,0.8002483272612357,0.008,45,tertiary,no,2552,no,no,0.8-0.9,blue-collar,telephone,married
19,aug,145,10,no,21576,0.6813145543796227,0.008,45,secondary,no,0,no,no,0.6-0.7,blue-collar,telephone,married
19,nov,94,1,no,25915,0.7677741422030219,0.007822299651567945,34,secondary,no,131,no,no,0.7-0.8,blue-collar,telephone,married
31,jul,48,3,no,18646,0.7789511314422244,0.007363636363636363,40,secondary,no,1412,no,no,0.7-0.8,blue-collar,telephone,married
19,nov,59,1,no,25843,0.7929587803280925,0.007346109175377468,50,primary,no,8583,yes,no,0.7-0.8,blue-collar,telephone,married
30,jul,180,7,no,18177,0.7753690508606907,0.007023809523809523,36,secondary,no,251,no,no,0.7-0.8,blue-collar,telephone,married
30,jul,77,2,no,17982,0.812926522748108,0.006999999999999999,46,secondary,no,0,no,no,0.8-0.9,technician,telephone,married
30,jul,65,2,no,17936,0.7785290295181672,0.006999999999999999,37,tertiary,no,43,yes,no,0.7-0.8,blue-collar,telephone,married
11,aug,113,2,no,20129,0.7551640968399811,0.006666666666666666,35,secondary,no,14,no,no,0.7-0.8,technician,telephone,single
29,jan,232,3,no,28644,0.7589630808136677,0.006666666666666666,26,secondary,no,1200,no,no,0.7-0.8,blue-collar,telephone,single
29,jul,80,2,no,17580,0.7007795617282551,0.006666666666666666,43,secondary,no,9173,no,no,0.7-0.8,blue-collar,telephone,married
18,aug,92,4,no,21206,0.7348033389732332,0.006666666666666666,46,tertiary,no,3,no,no,0.7-0.8,management,telephone,married
7,aug,76,2,no,19610,0.7283900160076355,0.006285714285714286,48,secondary,no,1403,no,no,0.7-0.8,blue-collar,telephone,married
11,jul,146,2,no,14141,0.7187922972901792,0.006,35,secondary,no,141,no,no,0.7-0.8,blue-collar,telephone,single
21,nov,57,6,no,27051,0.7246611477644135,0.006,33,secondary,no,0,yes,no,0.7-0.8,blue-collar,telephone,married
19,nov,39,1,no,25643,0.726131786404421,0.0053222996515679445,41,tertiary,no,8106,no,no,0.7-0.8,management,telephone,married
31,jul,9,31,no,18787,0.7749171469815397,0.005217391304347826,26,secondary,no,-14,no,no,0.7-0.8,blue-collar,telephone,single
31,jul,12,28,no,18637,0.7605988968607126,0.005217391304347826,25,secondary,no,0,yes,no,0.7-0.8,services,telephone,married
14,jul,180,4,no,14498,0.699077276110668,0.005,35,secondary,no,-870,yes,no,0.6-0.7,technician,telephone,married
8,may,144,2,no,35954,0.7221348205455556,0.005,42,secondary,no,3104,no,no,0.7-0.8,blue-collar,telephone,married
19,aug,97,2,no,21679,0.792255630019983,0.005,36,secondary,no,11,no,no,0.7-0.8,blue-collar,telephone,married
13,aug,131,2,no,20740,0.7790724402122637,0.005,51,secondary,no,14215,no,no,0.7-0.8,blue-collar,telephone,married
21,nov,144,2,no,27302,0.7441253691433601,0.005,50,secondary,no,3240,no,no,0.7-0.8,blue-collar,telephone,married
14,aug,126,3,no,21195,0.6862891887088758,0.005,45,tertiary,no,2307,no,no,0.6-0.7,management,telephone,married
25,jul,81,2,no,16974,0.7048019350493284,0.005,34,secondary,no,675,no,no,0.7-0.8,technician,telephone,married
24,jul,107,2,no,16714,0.6945271559090451,0.005,37,secondary,no,352,yes,no,0.6-0.7,blue-collar,telephone,married
26,aug,76,4,no,23094,0.690912762244988,0.005,45,secondary,no,434,no,no,0.6-0.7,blue-collar,telephone,married
31,jul,126,5,no,18657,0.7162999225223682,0.004704570791527312,37,secondary,no,1049,no,no,0.7-0.8,blue-collar,telephone,married
18,nov,95,1,no,24971,0.7806446618813058,0.004488966318234611,34,tertiary,no,3520,no,no,0.7-0.8,blue-collar,telephone,married
29,aug,59,2,no,23819,0.7259223661568213,0.004285714285714285,53,secondary,no,578,no,no,0.7-0.8,blue-collar,telephone,married
28,jul,82,6,no,17350,0.7846447512654755,0.004285714285714285,50,secondary,no,546,no,no,0.7-0.8,blue-collar,telephone,married
14,aug,118,4,no,21094,0.7238254228649378,0.003333333333333333,50,secondary,no,697,no,no,0.7-0.8,blue-collar,telephone,married
14,may,62,4,no,38044,0.7007526929235484,0.003333333333333333,55,secondary,no,-288,yes,no,0.7-0.8,blue-collar,telephone,married
28,aug,114,7,no,23716,0.709624336887627,0.003333333333333333,32,tertiary,no,813,no,no,0.7-0.8,management,telephone,single
22,aug,58,2,no,22458,0.7039994132390979,0.002857142857142857,46,secondary,no,154,no,no,0.7-0.8,blue-collar,telephone,married
17,nov,102,1,no,24436,0.7021656104366129,0.0028222996515679445,45,secondary,no,0,yes,no,0.7-0.8,blue-collar,telephone,married
19,aug,80,6,no,21642,0.6812674404184874,0.0025,53,secondary,no,172,no,no,0.6-0.7,blue-collar,telephone,married
30,jul,92,3,no,18208,0.7064361677433948,0.0025,41,secondary,no,1705,no,no,0.7-0.8,blue-collar,telephone,married
29,aug,92,4,no,23979,0.7189175058498884,0.002,60,secondary,no,221,no,no,0.7-0.8,blue-collar,telephone,married
28,aug,82,4,no,23433,0.7122425769134085,0.002,38,secondary,no,0,no,no,0.7-0.8,technician,telephone,married
31,jul,130,4,no,18299,0.6977904918730027,0.0013712374581939801,42,secondary,no,3842,no,no,0.6-0.7,blue-collar,telephone,married
31,jul,88,5,no,18614,0.7558234314799479,0.00021739130434782607,44,secondary,no,598,no,no,0.7-0.8,blue-collar,telephone,married
22,jul,22,6,no,16003,0.6865291476937866,0.0,37,secondary,no,121,no,no,0.6-0.7,blue-collar,telephone,married
22,jul,112,3,no,16055,0.7192749731233827,0.0,50,secondary,no,175,no,no,0.7-0.8,blue-collar,telephone,married
29,jul,38,17,no,17502,0.7024434915735813,0.0,41,secondary,no,-5,yes,no,0.7-0.8,blue-collar,telephone,married
18,jul,119,4,no,15378,0.6988422035849926,0.0,46,primary,no,505,no,yes,0.6-0.7,blue-collar,telephone,married
12,aug,91,4,no,20402,0.7929799866655546,0.0,59,secondary,no,636,no,no,0.7-0.8,blue-collar,telephone,married
28,jul,65,7,no,17272,0.7525738652825938,0.0,50,secondary,no,86,no,no,0.7-0.8,blue-collar,telephone,married
29,jan,120,2,no,28519,0.6953977576307295,0.0,31,secondary,no,0,no,no,0.6-0.7,management,telephone,married
29,jan,132,2,no,28573,0.6937382810080537,0.0,33,tertiary,no,2,no,no,0.6-0.7,blue-collar,telephone,single
30,jan,102,1,no,28742,0.7118629992696082,0.0,38,secondary,no,-51,no,yes,0.7-0.8,blue-collar,telephone,married
30,jan,46,1,no,28716,0.6818169831529282,0.0,27,secondary,no,116,no,no,0.6-0.7,blue-collar,telephone,single
21,nov,93,2,no,27366,0.7879572070089824,0.0,49,secondary,no,6512,no,no,0.7-0.8,blue-collar,telephone,married
30,jan,258,2,no,28657,0.6815647355427192,0.0,29,tertiary,no,1218,no,no,0.6-0.7,management,telephone,single
13,aug,71,2,no,20767,0.7048681964599074,0.0,56,unknown,no,1784,no,no,0.7-0.8,blue-collar,telephone,married
7,aug,91,2,no,19454,0.6992164550550677,0.0,34,secondary,no,291,no,no,0.6-0.7,management,telephone,married
20,nov,141,4,no,26625,0.760513809653009,0.0,39,secondary,no,4314,yes,no,0.7-0.8,management,telephone,married
28,aug,29,13,no,23686,0.7168448218520455,0.0,54,secondary,no,111,no,no,0.7-0.8,blue-collar,telephone,married
18,aug,91,4,no,21369,0.6849980004057259,0.0,32,secondary,no,2870,no,no,0.6-0.7,technician,telephone,married
11,may,63,7,no,36112,0.6813525094530948,0.0,38,secondary,no,1,yes,no,0.6-0.7,blue-collar,telephone,married
19,aug,131,6,no,21637,0.7098386089039824,0.0,49,tertiary,no,8413,no,no,0.7-0.8,blue-collar,telephone,married
11,may,56,3,no,36416,0.7728216541461173,0.0,30,tertiary,no,0,yes,no,0.7-0.8,blue-collar,telephone,single
20,aug,65,2,no,21940,0.7085097515735578,0.0,51,primary,no,173,no,no,0.7-0.8,blue-collar,telephone,married
22,aug,101,4,no,22497,0.6903906437402618,0.0,50,primary,no,82,no,no,0.6-0.7,blue-collar,telephone,married
26,aug,65,4,no,22994,0.7122425769134085,0.0,38,secondary,no,0,no,no,0.7-0.8,technician,telephone,married
26,aug,97,3,no,23039,0.7096937455399267,0.0,36,tertiary,no,0,no,no,0.7-0.8,management,telephone,married
18,aug,139,5,no,21211,0.6806354407055017,0.0,48,secondary,no,112,no,no,0.6-0.7,blue-collar,telephone,married
27,aug,85,19,no,23237,0.6942724185242487,0.0,44,tertiary,no,6485,no,no,0.6-0.7,blue-collar,telephone,married
13,may,60,5,no,37177,0.693701265783617,0.0,40,secondary,no,-375,yes,no,0.6-0.7,technician,telephone,married
27,aug,53,4,no,23400,0.7002670723598612,0.0,32,tertiary,no,725,no,no,0.7-0.8,blue-collar,telephone,single
13,may,8,5,no,37240,0.6986641061288459,0.0,39,secondary,no,-427,yes,no,0.6-0.7,blue-collar,telephone,married
30,jul,103,8,no,18200,0.7617145652064369,0.0,43,secondary,no,2682,no,no,0.7-0.8,blue-collar,telephone,married
20,nov,173,2,no,26345,0.7564410141794033,0.0,32,secondary,no,658,no,no,0.7-0.8,blue-collar,telephone,married
29,aug,77,14,no,23966,0.7162384404556292,0.0,35,secondary,no,910,no,no,0.7-0.8,management,telephone,married
14,jul,149,3,no,14467,0.7906261562278837,0.0,42,secondary,no,-249,yes,no,0.7-0.8,blue-collar,telephone,married
18,aug,67,4,no,21307,0.7591827783681662,0.0,30,tertiary,no,1535,no,no,0.7-0.8,blue-collar,telephone,single
7,jul,148,3,no,12681,0.7689799070441352,0.0,35,secondary,no,534,no,no,0.7-0.8,blue-collar,telephone,married
18,nov,104,2,no,24838,0.6877909507598484,0.0,42,secondary,no,-247,yes,yes,0.6-0.7,blue-collar,telephone,single
30,jul,69,9,no,18065,0.7366888947301997,0.0,36,secondary,no,1328,no,no,0.7-0.8,blue-collar,telephone,single
18,jul,49,5,no,15450,0.7145010912764863,0.0,49,primary,no,246,yes,no,0.7-0.8,blue-collar,telephone,married
15,may,20,5,no,38633,0.7182704267967428,0.0,45,secondary,no,369,yes,no,0.7-0.8,blue-collar,telephone,married
15,may,22,8,no,38661,0.7051076376667099,0.0,34,secondary,no,3160,no,no,0.7-0.8,blue-collar,telephone,single
30,jul,71,5,no,17955,0.7200453652661732,0.0,32,secondary,no,0,yes,no,0.7-0.8,blue-collar,telephone,married
30,jul,31,22,no,17881,0.7908421624807128,0.0,49,secondary,no,-73,yes,no,0.7-0.8,blue-collar,telephone,married
13,aug,132,4,no,20929,0.684567010540115,0.0,32,tertiary,no,497,yes,no,0.6-0.7,blue-collar,telephone,single
20,nov,48,4,no,26259,0.734239823293215,0.0,43,unknown,no,1998,yes,no,0.7-0.8,blue-collar,telephone,married
30,jul,41,5,no,18111,0.7246611477644135,0.0,33,secondary,no,0,yes,no,0.7-0.8,blue-collar,telephone,married
